Workbook

Sheet FeederNames
A1: Management Console Name | B1: Customer Name | D1: SourceID for KVA Demand | G1: Source ID for Avg KVA
B2: LT_Room.Main_Incomer
B3: LT_Room.LT_Panel_Main_Incomer | C3: LT_Room.Main_Incomer | D3: LT_Room.LT_Panel_Main_Incomer | E3: LT_Room.Shop_Floor_and_Utility_Lighting | F3: LT_Room.Shaft | G3: LT_Room.Transmission_Flange | H3: LT_Room.APFC_Incomer | I3: LT_Room.Wheel_Flange | J3: LT_Room.Office_Building | K3: LT_Room.Shaft_EFD | L3: LT_Room.Flange_Line_EFD | M3: LT_Room.Fire_Hydrant | N3: LT_Room.Lighting_DB | O3: LT_Room.Utility_Incomer | P3: LT_Room.Cooling_Tower | Q3: LT_Room.Shop_Floor_Office_Lighting_AC | R3: LT_Room.Compressor_75KW | S3: LT_Room.Compressor_55KW | T3: LT_Room.HTP | U3: LT_Room.ETP | V3: Shaft.Shaft_Incomer | W3: Shaft.Shaft_Uno_1 | X3: Shaft.Shaft_Uno_2 | Y3: Shaft.Rolling | Z3: Shaft.Robot_892 | AA3: Shaft.Washing_Machine | AB3: Shaft.Robot_891 | AC3: Shaft.Shaft_MPI | AD3: Shaft.Shaft_Assembly | AE3: Spider.Spider_Incomer | AF3: Spider.Spider_Gantry | AG3: Spider.Turning | AH3: Spider.Broching | AI3: Spider.Centerless_Grinding | AJ3: Spider.Smarter | AK3: Wheel_Flange.Wheel_Flange_Incomer | AL3: Wheel_Flange.Thread_Rolling | AM3: Wheel_Flange.Robot_893 | AN3: Wheel_Flange.OD_Griding | AO3: Wheel_Flange.Gantry | AP3: Wheel_Flange.Rolling | AQ3: Wheel_Flange.Keyway_Milling | AR3: Wheel_Flange.Robot_894 | AS3: Wheel_Flange.Turning | AT3: Transmission_Flange.Transmission_Flange_Incomer | AU3: Transmission_Flange.Turning_Machine | AV3: Transmission_Flange.Gantry | AW3: Transmission_Flange.Smarter | AX3: Transmission_Flange.MPI | AY3: Transmission_Flange.UPS_R_and_D_Building | AZ3: Transmission_Flange.Gainding_Machine | BA3: Transmission_Flange.Broching_Machine | BB3: Power_DB.Power_DB_Incomer | BC3: Transmission_Flange.Final_Washing_Machine | BD3: Power_DB.ToolRoom_Store_DB_Box | BE3: Power_DB.Security_Gate | BF3: Spare-1 | BG3: Spare-2 | BH3: Spare-3 | BI3: Spare-4 | BJ3: Spare-5 | JA3: Q3_PCC1.4F4_Office_Panel | JB3: Q3_PCC1.5F2_PDB1_Main_RPDB | JC3: Q3_PCC1.5F1_SPARE1 | JD3: Q3_PCC1.5F3_SPARE2 | JE3: Q3_PCC1.5F4_SPARE3 | JF3: Q3_PCC1.6F3_PDB4 | JG3: Q3_PCC1.6F4_MLDB | JH3: Q3_PCC1.7F3_Server_Room | JI3: Q3_PCC1.7F4_PH_II_Utility_Panel | JJ3: Q3_PCC1.4F1_STP | JK3: Q3_PCC1.6F2_SPARE4 | JL3: Q3_Tech.1F2_UPS_Incomer_DB3 | JM3: Q3_Tech.1F1_UPS1 | JN3: Q3_Tech.1F2_UPS2 | JO3: Q3_Tech.1F3_UPS3 | JP3: Q3_Tech.1F5_UPS_Incomer_DB1 | JQ3: Q3_Tech.2F1_LGF_LTG_27A | JR3: Q3_Tech.2F2_UGF_LTG_27A | JS3: Q3_Tech.2F3_SPARE1 | JT3: Q3_Tech.2F4_SPARE2 | JU3: Q3_Tech.2F5_UPS_Incomer_DB3 | JV3: Q3_Tech.1F2_PDB1_Main_RPDB | JW3: Q3_Tech.1F6_PDB2 | JX3: Q3_Tech.1F2_MLDB_MEZZ1_Technic_RM | JY3: Q3_Tech.2F3_MLDB1 | JZ3: Q3_Tech.1F2_PDB3_HVAC_Panel | KA3: PH2_Utility.1F2_Incomer_Panel | KB3: PH2_Utility.2F1_Security_Cabin3 | KC3: PH2_Utility.2F2_Security_Cabin4 | KD3: PH2_Utility.2F3_Security_Cabin5 | KE3: PH2_Utility.2F4_SPARE1 | KF3: PH2_Utility.2F5_MDB4 | KG3: PH2_Utility.2F6_SPARE2 | KH3: Q3_Office.1F2_Office_Panel_IC | KI3: Q3_Office.2F3_Incomer_for_RPDBS | KJ3: Q3_Office.3F5_MZZ2_Office_Area | KK3: Q3_Office.3F4_MZZ1_Office_Area | KL3: Q3_Office.4F2_SPARE1 | KM3: Q3_Office.4F3_UPS_40KW | KN3: Q3_Office.4F4_SPARE2 | KO3: Q3_Office.4F5_SPARE3 | KP3: Q3_Office.3F1_Incomer_for_LDBS | KQ3: Q3_Office.3F2_Lift | KR3: Q3_Office.3F3_LGF_Office | KS3: ION.7650 | KT3: WHP_PCC1.1F3_PCC1_IC | KU3: WHP_PCC1.2F3_PCC2 | KV3: WHP_PCC1.2F4_HVAC | KW3: WHP_PCC1.3F3_FIRE_FTG | KX3: WHP_PCC1.3F4_SPARE | KY3: WHP_PCC2.1F2_PCC2_IC | KZ3: WHP_PCC2.1F5_MLDB1 | LA3: WHP_PCC2.1F6_UPS_IC | LB3: WHP_PCC2.2F7_MLDB2 | LC3: WHP_PCC2.2F8_MRPDB | LD3: WHP_PCC2.3F8_SPARE | LE3: WHP_UPS_OG.1F1_IC1_UPS1 | LF3: WHP_UPS_OG.1F2_IC2_UPS2 | LG3: WHP_UPS_OG.1F3_IC3_UPS3 | LH3: WHP_UPS_IC.1F2_UPS_IC | LI3: WHP_MELDB_1.1F2_IC_MELDB1 | LJ3: WHP_MLDB1.1F1_IC_MLDB1 | LK3: WHP_MRPDB.1F2_IC_MRPDB | LL3: WHP_HVAC.1F2_IC_HVAC | LM3: KIOSK.QIII_RMU | LN3: KIOSK.QI_QII_RMU | LO3: KIOSK.PS_RMU
B4: LT_Room.Shop_Floor_and_Utility_Lighting
B5: LT_Room.Shaft
B6: LT_Room.Transmission_Flange
B7: LT_Room.APFC_Incomer
B8: LT_Room.Wheel_Flange
B9: LT_Room.Office_Building
B10: LT_Room.Shaft_EFD
B11: LT_Room.Flange_Line_EFD
B12: LT_Room.Fire_Hydrant
B13: LT_Room.Lighting_DB
B14: LT_Room.Utility_Incomer
B15: LT_Room.Cooling_Tower
... B61: Spare-5
A62: Utility_Panel.Scrap_Yard
A63: Utility_Panel.STP
A64: Utility_Panel.Compressor
A65: Compressor.Incomer
A66: Compressor.1
A67: Compressor.2
A68: Compressor.Spare
A69: A_PDB01.Incomer
A70: Compressor.3
A71: M_UPS_Panel.Incomer
A72: M_UPS_Panel.Incomer2
A73: A_MPDB01.Incomer
... A204: C_HVLS_Panel.Incomer

Sheet Production data
A1: Feeder Description | B1: 45901 | C1: 45902 | D1: 45903 | E1: 45904 | F1: 45905 | G1: 45906 | H1: 45907 | I1: 45908 | J1: 45909 | K1: 45910 | L1: 45911 | M1: 45912 | N1: 45913 | O1: 45914 | P1: 45915 | Q1: 45916 | R1: 45917 | S1: 45918 | T1: 45919 | U1: 45920 | V1: 45921 | W1: 45922 | X1: 45923 | Y1: 45924 | Z1: 45925 | AA1: 45926 | AB1: 45927 | AC1: 45928 | AD1: 45929 | AE1: 45930 | AF1: 45931
A2: FLANGE EFD | C2: 818 | D2: 1807 | E2: 2015 | F2: 1806 | H2: 1310 | I2: 1189 | J2: 1740 | K2: 929 | L2: 1595 | M2: 1495 | N2: 1517 | O2: 770 | P2: 2011 | Q2: 1859 | R2: 1800 | S2: 1362 | T2: 1683 | U2: 1535 | V2: 799 | W2: 1820 | X2: 1481 | Y2: 1654 | Z2: 2012 | AA2: 1754 | AB2: 1893 | AC2: 1442 | AD2: 1553 | AE2: 253
A3: WHEEL FLANGE OD GRINDING | C3: 331 | D3: 1041 | E3: 955 | F3: 396 | H3: 771 | I3: 537 | J3: 1075 | K3: 466 | L3: 881 | M3: 766 | N3: 726 | O3: 300 | P3: 876 | Q3: 978 | R3: 1037 | S3: 816 | T3: 0 | U3: 881 | V3: 369 | W3: 495 | X3: 704 | Y3: 955 | Z3: 248 | AA3: 510 | AB3: 706 | AC3: 652 | AD3: 932 | AE3: 154
A4: TF OD GRINDING
A5: SHAFT CNC | C5: 623 | D5: 370 | E5: 580 | F5: 300 | H5: 448 | I5: 400 | J5: 347 | K5: 473 | L5: 432 | M5: 550 | N5: 670 | O5: 260 | P5: 711 | Q5: 749 | R5: 192 | S5: 560 | T5: 804 | U5: 821 | V5: 0 | W5: 635 | X5: 271 | Y5: 150 | Z5: 130 | AA5: 442 | AB5: 550 | AC5: 130 | AD5: 740 | AE5: 340
A6: SHAFT EFD | C6: 1028 | D6: 672 | E6: 796 | F6: 646 | H6: 504 | I6: 726 | J6: 796 | K6: 472 | L6: 554 | M6: 392 | N6: 1202 | O6: 366 | P6: 541 | Q6: 1123 | R6: 652 | S6: 1002 | T6: 1092 | U6: 462 | V6: 0 | W6: 1068 | X6: 487 | Y6: 1376 | Z6: 576 | AA6: 622 | AB6: 710 | AC6: 1022 | AD6: 599 | AE6: 774
A7: SPIDER TURNING | C7: 690 | D7: 805 | E7: 700 | F7: 756 | H7: 756 | I7: 743 | J7: 770 | K7: 761 | L7: 847 | M7: 789 | N7: 803 | O7: 0 | P7: 783 | Q7: 814 | R7: 755 | S7: 857 | T7: 777 | U7: 651 | V7: 0 | W7: 651 | X7: 676 | Y7: 798 | Z7: 620 | AA7: 710 | AB7: 482 | AC7: 0 | AD7: 620 | AE7: 300
A8: SPIDER TURNING SMARTER | C8: 665 | D8: 706 | E8: 732 | F8: 946 | H8: 865 | I8: 884 | J8: 880 | K8: 367 | L8: 584 | M8: 822 | N8: 430 | O8: 0 | P8: 848 | Q8: 782 | R8: 922 | S8: 808 | T8: 692 | U8: 536 | V8: 0 | W8: 507 | X8: 671 | Y8: 796 | Z8: 619 | AA8: 710 | AB8: 480 | AC8: 0 | AD8: 643 | AE8: 300
A9: SPIDER BROACHING | C9: 230 | D9: 813 | E9: 1030 | F9: 915 | H9: 985 | I9: 850 | J9: 900 | K9: 840 | L9: 1013 | M9: 470 | N9: 0 | O9: 0 | P9: 0 | Q9: 0 | R9: 0 | S9: 315 | T9: 430 | U9: 80 | V9: 0 | W9: 80 | X9: 602 | Y9: 130 | Z9: 0 | AA9: 0 | AB9: 0 | AC9: 0 | AD9: 0 | AE9: 0
A10: SPIDER CENTERLESS GRINDING-1 | C10: 698 | D10: 1133 | E10: 1139 | F10: 1169 | H10: 0 | I10: 433 | J10: 1200 | K10: 1170 | L10: 1068 | M10: 1124 | N10: 1280 | O10: 0 | P10: 1106 | Q10: 1140 | R10: 1225 | S10: 1190 | T10: 675 | U10: 890 | V10: 425 | W10: 968 | X10: 1255 | Y10: 1271 | Z10: 1191 | AA10: 1415 | AB10: 1305 | AC10: 1010 | AD10: 1353 | AE10: 210
A11: SPIDER CENTERLESS GRINDING-2 | C11: 991 | D11: 1010 | E11: 1005 | F11: 603 | H11: 0 | I11: 0 | J11: 1074 | K11: 880 | L11: 1068 | M11: 520 | N11: 846 | O11: 567 | P11: 1011 | Q11: 1099 | R11: 1105 | S11: 1091 | T11: 0 | U11: 751 | V11: 275 | W11: 865 | X11: 1169 | Y11: 1267 | Z11: 1125 | AA11: 1395 | AB11: 1371 | AC11: 782 | AD11: 970 | AE11: 0
A12: WHEEL FLANGE THREAD ROLLING | C12: 700 | D12: 742 | E12: 835 | F12: 1223 | H12: 1125 | I12: 1000 | J12: 497 | K12: 436 | L12: 214 | M12: 380 | N12: 1208 | O12: 450 | P12: 543 | Q12: 1100 | R12: 440 | S12: 374 | T12: 0 | U12: 1155 | V12: 264 | W12: 820 | X12: 1440 | Y12: 890 | Z12: 0 | AA12: 700 | AB12: 980 | AC12: 0 | AD12: 995 | AE12: 0
A13: WHEEL FLANGE TURNING | C13: 0 | D13: 0 | E13: 0 | F13: 0 | H13: 0 | I13: 0 | J13: 0 | K13: 0 | L13: 0 | M13: 0 | N13: 0 | O13: 0 | P13: 0 | Q13: 0 | R13: 0 | S13: 0 | T13: 0 | U13: 0 | V13: 0 | W13: 0 | X13: 0 | Y13: 0 | Z13: 0 | AA13: 0 | AB13: 0 | AC13: 0 | AD13: 0 | AE13: 0
A14: TF TURNING TT | C14: 0 | D14: 0 | E14: 0 | F14: 0 | H14: 0 | I14: 175 | J14: 360 | K14: 246 | L14: 0 | M14: 619 | N14: 0 | O14: 0 | P14: 0 | Q14: 0 | R14: 593 | S14: 400 | T14: 460 | U14: 204 | V14: 0 | W14: 105 | X14: 213 | Y14: 0 | Z14: 0 | AA14: 0 | AB14: 0 | AC14: 0 | AD14: 0 | AE14: 0
A15: ASSEMBLY LINE | C15: 0 | D15: 597 | E15: 628 | F15: 913 | H15: 523 | I15: 0 | J15: 1004 | K15: 1157 | L15: 0 | M15: 1046 | N15: 0 | O15: 744 | P15: 1089 | Q15: 1083 | R15: 960 | S15: 958 | T15: 345 | U15: 801 | V15: 0 | W15: 1235 | X15: 1167 | Y15: 925 | Z15: 400 | AA15: 517 | AB15: 1125 | AC15: 1063 | AD15: 764 | AE15: 684
A16: SHAFT RACK ROLLING | C16: 1159 | D16: 918 | E16: 1274 | F16: 1216 | H16: 1170 | I16: 1055 | J16: 567 | K16: 589 | L16: 800 | M16: 555 | N16: 858 | O16: 512 | P16: 632 | Q16: 1264 | R16: 1055 | S16: 850 | T16: 960 | U16: 440 | V16: 0 | W16: 1236 | X16: 841 | Y16: 791 | Z16: 568 | AA16: 846 | AB16: 710 | AC16: 936 | AD16: 617 | AE16: 692

Sheet Sep 2025
F1: ='Production data'!B1 -> 45901 | J1: ='Production data'!C1 -> 45902 | N1: ='Production data'!D1 -> 45903 | R1: ='Production data'!E1 -> 45904 | V1: ='Production data'!F1 -> 45905 | Z1: ='Production data'!G1 -> 45906 | AD1: ='Production data'!H1 -> 45907 | AH1: ='Production data'!I1 -> 45908 | AL1: ='Production data'!J1 -> 45909 | AP1: ='Production data'!K1 -> 45910 | AT1: ='Production data'!L1 -> 45911 | AX1: ='Production data'!M1 -> 45912 | BB1: ='Production data'!N1 -> 45913 | BF1: ='Production data'!O1 -> 45914 | BJ1: ='Production data'!P1 -> 45915 | BN1: ='Production data'!Q1 -> 45916 | BR1: ='Production data'!R1 -> 45917 | BV1: ='Production data'!S1 -> 45918 | BZ1: ='Production data'!T1 -> 45919 | CD1: ='Production data'!U1 -> 45920 | CH1: ='Production data'!V1 -> 45921 | CL1: ='Production data'!W1 -> 45922 | CP1: ='Production data'!X1 -> 45923 | CT1: ='Production data'!Y1 -> 45924 | CX1: ='Production data'!Z1 -> 45925 | DB1: ='Production data'!AA1 -> 45926 | DF1: ='Production data'!AB1 -> 45927 | DJ1: ='Production data'!AC1 -> 45928 | DN1: ='Production data'!AD1 -> 45929 | DR1: ='Production data'!AE1 -> 45930 | DV1: ='Production data'!AF1 -> 45931 | DZ1: Total
C2: Sr No | D2: Feeder Description | E2: Group | F2: KWH | G2: Prod. | H2: KWH\ Pc | I2: Cost/ Pc | J2: KWH | K2: Prod. | L2: KWH\ Pc | M2: Cost/ Pc | N2: KWH | O2: Prod. | P2: KWH\ Pc | Q2: Cost/ Pc | R2: KWH | S2: Prod. | T2: KWH\ Pc | U2: Cost/ Pc | V2: KWH | W2: Prod. | X2: KWH\ Pc | Y2: Cost/ Pc | Z2: KWH | AA2: Prod. | AB2: KWH\ Pc | AC2: Cost/ Pc | AD2: KWH | AE2: Prod. | AF2: KWH\ Pc | AG2: Cost/ Pc | AH2: KWH | AI2: Prod. | AJ2: KWH\ Pc | AK2: Cost/ Pc | AL2: KWH | AM2: Prod. | AN2: KWH\ Pc | AO2: Cost/ Pc | AP2: KWH | AQ2: Prod. | AR2: KWH\ Pc | AS2: Cost/ Pc | AT2: KWH | AU2: Prod. | AV2: KWH\ Pc | AW2: Cost/ Pc | AX2: KWH | AY2: Prod. | AZ2: KWH\ Pc | BA2: Cost/ Pc | BB2: KWH | BC2: Prod. | BD2: KWH\ Pc | BE2: Cost/ Pc | BF2: KWH | BG2: Prod. | BH2: KWH\ Pc | BI2: Cost/ Pc | BJ2: KWH | BK2: Prod. | BL2: KWH\ Pc | BM2: Cost/ Pc | BN2: KWH | BO2: Prod. | BP2: KWH\ Pc | BQ2: Cost/ Pc | BR2: KWH | BS2: Prod. | BT2: KWH\ Pc | BU2: Cost/ Pc | BV2: KWH | BW2: Prod. | BX2: KWH\ Pc | BY2: Cost/ Pc | BZ2: KWH | CA2: Prod. | CB2: KWH\ Pc | CC2: Cost/ Pc | CD2: KWH | CE2: Prod. | CF2: KWH\ Pc | CG2: Cost/ Pc | CH2: KWH | CI2: Prod. | CJ2: KWH\ Pc | CK2: Cost/ Pc | CL2: KWH | CM2: Prod. | CN2: KWH\ Pc | CO2: Cost/ Pc | CP2: KWH | CQ2: Prod. | CR2: KWH\ Pc | CS2: Cost/ Pc | CT2: KWH | CU2: Prod. | CV2: KWH\ Pc | CW2: Cost/ Pc | CX2: KWH | CY2: Prod. | CZ2: KWH\ Pc | DA2: Cost/ Pc | DB2: KWH | DC2: Prod. | DD2: KWH\ Pc | DE2: Cost/ Pc | DF2: KWH | DG2: Prod. | DH2: KWH\ Pc | DI2: Cost/ Pc | DJ2: KWH | DK2: Prod. | DL2: KWH\ Pc | DM2: Cost/ Pc | DN2: KWH | DO2: Prod. | DP2: KWH\ Pc | DQ2: Cost/ Pc | DR2: KWH | DS2: Prod. | DT2: KWH\ Pc | DU2: Cost/ Pc | DV2: KWH | DW2: Prod. | DX2: KWH\ Pc | DY2: Cost/ Pc | DZ2: KWH | EA2: Prod. | EB2: KWH\ Pc | EC2: Cost/ Pc
C3: 10 | D3: LT ROOM FLANGE EFD | F3: 3 | G3: ='Production data'!B2 -> 0 | H3: =IF((G3=0),0,F3/G3) -> 0 | I3: =H3*9.04 -> 0 | J3: 649 | K3: ='Production data'!C2 -> 818 | L3: =IF((K3=0),0,J3/K3) -> 0.79339853 | M3: =L3*9.04 -> 7.1723227 | N3: 888 | O3: ='Production data'!D2 -> 1807 | P3: =IF((O3=0),0,N3/O3) -> 0.49142225 | Q3: =P3*9.04 -> 4.4424571 | R3: 927 | S3: ='Production data'!E2 -> 2015 | T3: =IF((S3=0),0,R3/S3) -> 0.46004963 | U3: =T3*9.04 -> 4.1588486 | V3: 912 | W3: ='Production data'!F2 -> 1806 | X3: =IF((W3=0),0,V3/W3) -> 0.50498339 | Y3: =X3*9.04 -> 4.5650498 | Z3: 49 | AA3: ='Production data'!G2 -> 0 | AB3: =IF((AA3=0),0,Z3/AA3) -> 0 | AC3: =AB3*9.04 -> 0 | AD3: 813 | AE3: ='Production data'!H2 -> 1310 | AF3: =IF((AE3=0),0,AD3/AE3) -> 0.62061069 | AG3: =AF3*9.04 -> 5.6103206 | AH3: 786 | AI3: ='Production data'!I2 -> 1189 | AJ3: =IF((AI3=0),0,AH3/AI3) -> 0.66105971 | AK3: =AJ3*9.04 -> 5.9759798 | AL3: 882 | AM3: ='Production data'!J2 -> 1740 | AN3: =IF((AM3=0),0,AL3/AM3) -> 0.50689655 | AO3: =AN3*9.04 -> 4.5823448 | AP3: 545 | AQ3: ='Production data'!K2 -> 929 | AR3: =IF((AQ3=0),0,AP3/AQ3) -> 0.58665231 | AS3: =AR3*9.04 -> 5.3033369 | AT3: 921 | AU3: ='Production data'!L2 -> 1595 | AV3: =IF((AU3=0),0,AT3/AU3) -> 0.57742947 | AW3: =AV3*9.04 -> 5.2199624 | AX3: 885 | AY3: ='Production data'!M2 -> 1495 | AZ3: =IF((AY3=0),0,AX3/AY3) -> 0.59197324 | BA3: =AZ3*9.04 -> 5.3514381 | BB3: 820 | BC3: ='Production data'!N2 -> 1517 | BD3: =IF((BC3=0),0,BB3/BC3) -> 0.54054054 | BE3: =BD3*9.04 -> 4.8864865 | BF3: 473 | BG3: ='Production data'!O2 -> 770 | BH3: =IF((BG3=0),0,BF3/BG3) -> 0.61428571 | BI3: =BH3*9.04 -> 5.5531429 | BJ3: 949 | BK3: ='Production data'!P2 -> 2011 | BL3: =IF((BK3=0),0,BJ3/BK3) -> 0.47190453 | BM3: =BL3*9.04 -> 4.2660169 | BN3: 939 | BO3: ='Production data'!Q2 -> 1859 | BP3: =IF((BO3=0),0,BN3/BO3) -> 0.50511027 | BQ3: =BP3*9.04 -> 4.5661969 | BR3: 903 | BS3: ='Production data'!R2 -> 1800 | BT3: =IF((BS3=0),0,BR3/BS3) -> 0.50166667 | BU3: =BT3*9.04 -> 4.5350667 | BV3: 773 | BW3: ='Production data'!S2 -> 1362 | BX3: =IF((BW3=0),0,BV3/BW3) -> 0.56754772 | BY3: =BX3*9.04 -> 5.1306314 | BZ3: 872 | CA3: ='Production data'!T2 -> 1683 | CB3: =IF((CA3=0),0,BZ3/CA3) -> 0.5181224 | CC3: =CB3*9.04 -> 4.6838265 | CD3: 972 | CE3: ='Production data'!U2 -> 1535 | CF3: =IF((CE3=0),0,CD3/CE3) -> 0.63322476 | CG3: =CF3*9.04 -> 5.7243518 | CH3: 488 | CI3: ='Production data'!V2 -> 799 | CJ3: =IF((CI3=0),0,CH3/CI3) -> 0.61076345 | CK3: =CJ3*9.04 -> 5.5213016 | CL3: 832 | CM3: ='Production data'!W2 -> 1820 | CN3: =IF((CM3=0),0,CL3/CM3) -> 0.45714286 | CO3: =CN3*9.04 -> 4.1325714 | CP3: 921 | CQ3: ='Production data'!X2 -> 1481 | CR3: =IF((CQ3=0),0,CP3/CQ3) -> 0.62187711 | CS3: =CR3*9.04 -> 5.6217691 | CT3: 898 | CU3: ='Production data'!Y2 -> 1654 | CV3: =IF((CU3=0),0,CT3/CU3) -> 0.54292624 | CW3: =CV3*9.04 -> 4.9080532 | CX3: 962 | CY3: ='Production data'!Z2 -> 2012 | CZ3: =IF((CY3=0),0,CX3/CY3) -> 0.47813121 | DA3: =CZ3*9.04 -> 4.3223062 | DB3: 928 | DC3: ='Production data'!AA2 -> 1754 | DD3: =IF((DC3=0),0,DB3/DC3) -> 0.5290764 | DE3: =DD3*9.04 -> 4.7828506 | DF3: 965 | DG3: ='Production data'!AB2 -> 1893 | DH3: =IF((DG3=0),0,DF3/DG3) -> 0.50977285 | DI3: =DH3*9.04 -> 4.6083465 | DJ3: 710 | DK3: ='Production data'!AC2 -> 1442 | DL3: =IF((DK3=0),0,DJ3/DK3) -> 0.49237171 | DM3: =DL3*9.04 -> 4.4510402 | DN3: 968 | DO3: ='Production data'!AD2 -> 1553 | DP3: =IF((DO3=0),0,DN3/DO3) -> 0.62330972 | DQ3: =DP3*9.04 -> 5.6347199 | DR3: 280 | DS3: ='Production data'!AE2 -> 253 | DT3: =IF((DS3=0),0,DR3/DS3) -> 1.1067194 | DU3: =DT3*9.04 -> 10.004743 | DW3: ='Production data'!AF2 -> 0 | DX3: =IF((DW3=0),0,DV3/DW3) -> 0 | DY3: =DX3*9.04 -> 0 | DZ3: =F3+J3+N3+R3+V3+Z3+AD3+AH3+AL3+AP3+AT3+AX3+BB3+BF3+BJ3+BN3+BR3+BV3+BZ3+CD3+CH3+CL3+CP3+CT3+CX3+DB3+DF3+DJ3+DN3+DR3+DV3 -> 22913 | EA3: =G3+K3+O3+S3+W3+AA3+AI3+AM3+AQ3+AU3+AY3+BC3+BG3+BK3+BO3+BS3+BW3+CA3+CE3+CI3+CM3+CQ3+CU3+CY3+DC3+DG3+DK3+DO3+DS3+DW3 -> 40592 | EB3: =IF((EA3=0),0,DZ3/EA3) -> 0.56447083 | EC3: =EB3*9.04 -> 5.1028163
C4: 14 | D4: LT ROOM COOLING TOWER | F4: 2 | G4: =G3 -> 0 | H4: =IF((G4=0),0,F4/G4) -> 0 | I4: =H4*9.04 -> 0 | J4: 348 | K4: =K3 -> 818 | L4: =IF((K4=0),0,J4/K4) -> 0.42542787 | M4: =L4*9.04 -> 3.845868 | N4: 273 | O4: =O3 -> 1807 | P4: =IF((O4=0),0,N4/O4) -> 0.15107914 | Q4: =P4*9.04 -> 1.3657554 | R4: 309 | S4: =S3 -> 2015 | T4: =IF((S4=0),0,R4/S4) -> 0.15334988 | U4: =T4*9.04 -> 1.3862829 | V4: 319 | W4: =W3 -> 1806 | X4: =IF((W4=0),0,V4/W4) -> 0.17663344 | Y4: =X4*9.04 -> 1.5967663 | Z4: 21 | AA4: =AA3 -> 0 | AB4: =IF((AA4=0),0,Z4/AA4) -> 0 | AC4: =AB4*9.04 -> 0 | AD4: 227 | AE4: =AE3 -> 1310 | AF4: =IF((AE4=0),0,AD4/AE4) -> 0.17328244 | AG4: =AF4*9.04 -> 1.5664733 | AH4: 266 | AI4: =AI3 -> 1189 | AJ4: =IF((AI4=0),0,AH4/AI4) -> 0.22371741 | AK4: =AJ4*9.04 -> 2.0224054 | AL4: 314 | AM4: =AM3 -> 1740 | AN4: =IF((AM4=0),0,AL4/AM4) -> 0.18045977 | AO4: =AN4*9.04 -> 1.6313563 | AP4: 338 | AQ4: =AQ3 -> 929 | AR4: =IF((AQ4=0),0,AP4/AQ4) -> 0.36383208 | AS4: =AR4*9.04 -> 3.289042 | AT4: 277 | AU4: =AU3 -> 1595 | AV4: =IF((AU4=0),0,AT4/AU4) -> 0.17366771 | AW4: =AV4*9.04 -> 1.5699561 | AX4: 265 | AY4: =AY3 -> 1495 | AZ4: =IF((AY4=0),0,AX4/AY4) -> 0.17725753 | BA4: =AZ4*9.04 -> 1.602408 | BB4: 335 | BC4: =BC3 -> 1517 | BD4: =IF((BC4=0),0,BB4/BC4) -> 0.22083059 | BE4: =BD4*9.04 -> 1.9963085 | BF4: 166 | BG4: =BG3 -> 770 | BH4: =IF((BG4=0),0,BF4/BG4) -> 0.21558442 | BI4: =BH4*9.04 -> 1.9488831 | BJ4: 326 | BK4: =BK3 -> 2011 | BL4: =IF((BK4=0),0,BJ4/BK4) -> 0.1621084 | BM4: =BL4*9.04 -> 1.46546 | BN4: 335 | BO4: =BO3 -> 1859 | BP4: =IF((BO4=0),0,BN4/BO4) -> 0.18020441 | BQ4: =BP4*9.04 -> 1.6290479 | BR4: 338 | BS4: =BS3 -> 1800 | BT4: =IF((BS4=0),0,BR4/BS4) -> 0.18777778 | BU4: =BT4*9.04 -> 1.6975111 | BV4: 340 | BW4: =BW3 -> 1362 | BX4: =IF((BW4=0),0,BV4/BW4) -> 0.24963289 | BY4: =BX4*9.04 -> 2.2566814 | BZ4: 337 | CA4: =CA3 -> 1683 | CB4: =IF((CA4=0),0,BZ4/CA4) -> 0.20023767 | CC4: =CB4*9.04 -> 1.8101485 | CD4: 255 | CE4: =CE3 -> 1535 | CF4: =IF((CE4=0),0,CD4/CE4) -> 0.16612378 | CG4: =CF4*9.04 -> 1.501759 | CH4: 100 | CI4: =CI3 -> 799 | CJ4: =IF((CI4=0),0,CH4/CI4) -> 0.12515645 | CK4: =CJ4*9.04 -> 1.1314143 | CL4: 314 | CM4: =CM3 -> 1820 | CN4: =IF((CM4=0),0,CL4/CM4) -> 0.17252747 | CO4: =CN4*9.04 -> 1.5596484 | CP4: 301 | CQ4: =CQ3 -> 1481 | CR4: =IF((CQ4=0),0,CP4/CQ4) -> 0.20324105 | CS4: =CR4*9.04 -> 1.8372991 | CT4: 337 | CU4: =CU3 -> 1654 | CV4: =IF((CU4=0),0,CT4/CU4) -> 0.20374849 | CW4: =CV4*9.04 -> 1.8418863 | CX4: 313 | CY4: =CY3 -> 2012 | CZ4: =IF((CY4=0),0,CX4/CY4) -> 0.1555666 | DA4: =CZ4*9.04 -> 1.4063221 | DB4: 270 | DC4: =DC3 -> 1754 | DD4: =IF((DC4=0),0,DB4/DC4) -> 0.15393387 | DE4: =DD4*9.04 -> 1.3915621 | DF4: 301 | DG4: =DG3 -> 1893 | DH4: =IF((DG4=0),0,DF4/DG4) -> 0.15900687 | DI4: =DH4*9.04 -> 1.4374221 | DJ4: 230 | DK4: =DK3 -> 1442 | DL4: =IF((DK4=0),0,DJ4/DK4) -> 0.15950069 | DM4: =DL4*9.04 -> 1.4418863 | DN4: 352 | DO4: =DO3 -> 1553 | DP4: =IF((DO4=0),0,DN4/DO4) -> 0.22665808 | DQ4: =DP4*9.04 -> 2.0489891 | DR4: 248 | DS4: =DS3 -> 253 | DT4: =IF((DS4=0),0,DR4/DS4) -> 0.98023715 | DU4: =DT4*9.04 -> 8.8613439 | DW4: =DW3 -> 0 | DX4: =IF((DW4=0),0,DV4/DW4) -> 0 | DY4: =DX4*9.04 -> 0 | DZ4: =F4+J4+N4+R4+V4+Z4+AD4+AH4+AL4+AP4+AT4+AX4+BB4+BF4+BJ4+BN4+BR4+BV4+BZ4+CD4+CH4+CL4+CP4+CT4+CX4+DB4+DF4+DJ4+DN4+DR4+DV4 -> 8157 | EA4: =G4+K4+O4+S4+W4+AA4+AI4+AM4+AQ4+AU4+AY4+BC4+BG4+BK4+BO4+BS4+BW4+CA4+CE4+CI4+CM4+CQ4+CU4+CY4+DC4+DG4+DK4+DO4+DS4+DW4 -> 40592 | EB4: =IF((EA4=0),0,DZ4/EA4) -> 0.20095093 | EC4: =EB4*9.04 -> 1.8165964
C5: 48 | D5: TF MPI | F5: 0 | G5: =G3 -> 0 | H5: =IF((G5=0),0,F5/G5) -> 0 | I5: =H5*9.04 -> 0 | J5: 11 | K5: =K3 -> 818 | L5: =IF((K5=0),0,J5/K5) -> 0.013447433 | M5: =L5*9.04 -> 0.12156479 | N5: 12 | O5: =O3 -> 1807 | P5: =IF((O5=0),0,N5/O5) -> 0.0066408412 | Q5: =P5*9.04 -> 0.060033204 | R5: 14 | S5: =S3 -> 2015 | T5: =IF((S5=0),0,R5/S5) -> 0.0069478908 | U5: =T5*9.04 -> 0.062808933 | V5: 12 | W5: =W3 -> 1806 | X5: =IF((W5=0),0,V5/W5) -> 0.0066445183 | Y5: =X5*9.04 -> 0.060066445 | Z5: 0 | AA5: =AA3 -> 0 | AB5: =IF((AA5=0),0,Z5/AA5) -> 0 | AC5: =AB5*9.04 -> 0 | AD5: 10 | AE5: =AE3 -> 1310 | AF5: =IF((AE5=0),0,AD5/AE5) -> 0.0076335878 | AG5: =AF5*9.04 -> 0.069007634 | AH5: 12 | AI5: =AI3 -> 1189 | AJ5: =IF((AI5=0),0,AH5/AI5) -> 0.010092515 | AK5: =AJ5*9.04 -> 0.091236333 | AL5: 13 | AM5: =AM3 -> 1740 | AN5: =IF((AM5=0),0,AL5/AM5) -> 0.0074712644 | AO5: =AN5*9.04 -> 0.06754023 | AP5: 11 | AQ5: =AQ3 -> 929 | AR5: =IF((AQ5=0),0,AP5/AQ5) -> 0.011840689 | AS5: =AR5*9.04 -> 0.10703983 | AT5: 14 | AU5: =AU3 -> 1595 | AV5: =IF((AU5=0),0,AT5/AU5) -> 0.0087774295 | AW5: =AV5*9.04 -> 0.079347962 | AX5: 16 | AY5: =AY3 -> 1495 | AZ5: =IF((AY5=0),0,AX5/AY5) -> 0.010702341 | BA5: =AZ5*9.04 -> 0.096749164 | BB5: 11 | BC5: =BC3 -> 1517 | BD5: =IF((BC5=0),0,BB5/BC5) -> 0.0072511536 | BE5: =BD5*9.04 -> 0.065550428 | BF5: 9 | BG5: =BG3 -> 770 | BH5: =IF((BG5=0),0,BF5/BG5) -> 0.011688312 | BI5: =BH5*9.04 -> 0.10566234 | BJ5: 13 | BK5: =BK3 -> 2011 | BL5: =IF((BK5=0),0,BJ5/BK5) -> 0.0064644455 | BM5: =BL5*9.04 -> 0.058438588 | BN5: 14 | BO5: =BO3 -> 1859 | BP5: =IF((BO5=0),0,BN5/BO5) -> 0.0075309306 | BQ5: =BP5*9.04 -> 0.068079613 | BR5: 13 | BS5: =BS3 -> 1800 | BT5: =IF((BS5=0),0,BR5/BS5) -> 0.0072222222 | BU5: =BT5*9.04 -> 0.065288889 | BV5: 13 | BW5: =BW3 -> 1362 | BX5: =IF((BW5=0),0,BV5/BW5) -> 0.0095447871 | BY5: =BX5*9.04 -> 0.086284875 | BZ5: 13 | CA5: =CA3 -> 1683 | CB5: =IF((CA5=0),0,BZ5/CA5) -> 0.0077243018 | CC5: =CB5*9.04 -> 0.069827689 | CD5: 12 | CE5: =CE3 -> 1535 | CF5: =IF((CE5=0),0,CD5/CE5) -> 0.0078175896 | CG5: =CF5*9.04 -> 0.07067101 | CH5: 6 | CI5: =CI3 -> 799 | CJ5: =IF((CI5=0),0,CH5/CI5) -> 0.0075093867 | CK5: =CJ5*9.04 -> 0.067884856 | CL5: 12 | CM5: =CM3 -> 1820 | CN5: =IF((CM5=0),0,CL5/CM5) -> 0.0065934066 | CO5: =CN5*9.04 -> 0.059604396 | CP5: 10 | CQ5: =CQ3 -> 1481 | CR5: =IF((CQ5=0),0,CP5/CQ5) -> 0.0067521945 | CS5: =CR5*9.04 -> 0.061039838 | CT5: 12 | CU5: =CU3 -> 1654 | CV5: =IF((CU5=0),0,CT5/CU5) -> 0.0072551391 | CW5: =CV5*9.04 -> 0.065586457 | CX5: 13 | CY5: =CY3 -> 2012 | CZ5: =IF((CY5=0),0,CX5/CY5) -> 0.0064612326 | DA5: =CZ5*9.04 -> 0.058409543 | DB5: 13 | DC5: =DC3 -> 1754 | DD5: =IF((DC5=0),0,DB5/DC5) -> 0.0074116306 | DE5: =DD5*9.04 -> 0.06700114 | DF5: 13 | DG5: =DG3 -> 1893 | DH5: =IF((DG5=0),0,DF5/DG5) -> 0.0068674062 | DI5: =DH5*9.04 -> 0.062081352 | DJ5: 18 | DK5: =DK3 -> 1442 | DL5: =IF((DK5=0),0,DJ5/DK5) -> 0.012482663 | DM5: =DL5*9.04 -> 0.11284327 | DN5: 8 | DO5: =DO3 -> 1553 | DP5: =IF((DO5=0),0,DN5/DO5) -> 0.00515132 | DQ5: =DP5*9.04 -> 0.046567933 | DR5: 11 | DS5: =DS3 -> 253 | DT5: =IF((DS5=0),0,DR5/DS5) -> 0.043478261 | DU5: =DT5*9.04 -> 0.39304348 | DW5: =DW3 -> 0 | DX5: =IF((DW5=0),0,DV5/DW5) -> 0 | DY5: =DX5*9.04 -> 0 | DZ5: =F5+J5+N5+R5+V5+Z5+AD5+AH5+AL5+AP5+AT5+AX5+BB5+BF5+BJ5+BN5+BR5+BV5+BZ5+CD5+CH5+CL5+CP5+CT5+CX5+DB5+DF5+DJ5+DN5+DR5+DV5 -> 339 | EA5: =G5+K5+O5+S5+W5+AA5+AI5+AM5+AQ5+AU5+AY5+BC5+BG5+BK5+BO5+BS5+BW5+CA5+CE5+CI5+CM5+CQ5+CU5+CY5+DC5+DG5+DK5+DO5+DS5+DW5 -> 40592 | EB5: =IF((EA5=0),0,DZ5/EA5) -> 0.0083513993 | EC5: =EB5*9.04 -> 0.07549665
C6: 38 | D6: WHEEL FLANGE OD GRINDING | F6: 1 | G6: ='Production data'!B3 -> 0 | H6: =IF((G6=0),0,F6/G6) -> 0 | I6: =H6*9.04 -> 0 | J6: 34 | K6: ='Production data'!C3 -> 331 | L6: =IF((K6=0),0,J6/K6) -> 0.10271903 | M6: =L6*9.04 -> 0.92858006 | N6: 36 | O6: ='Production data'!D3 -> 1041 | P6: =IF((O6=0),0,N6/O6) -> 0.034582133 | Q6: =P6*9.04 -> 0.31262248 | R6: 40 | S6: ='Production data'!E3 -> 955 | T6: =IF((S6=0),0,R6/S6) -> 0.041884817 | U6: =T6*9.04 -> 0.37863874 | V6: 29 | W6: ='Production data'!F3 -> 396 | X6: =IF((W6=0),0,V6/W6) -> 0.073232323 | Y6: =X6*9.04 -> 0.6620202 | Z6: 1 | AA6: ='Production data'!G3 -> 0 | AB6: =IF((AA6=0),0,Z6/AA6) -> 0 | AC6: =AB6*9.04 -> 0 | AD6: 38 | AE6: ='Production data'!H3 -> 771 | AF6: =IF((AE6=0),0,AD6/AE6) -> 0.049286641 | AG6: =AF6*9.04 -> 0.44555123 | AH6: 21 | AI6: ='Production data'!I3 -> 537 | AJ6: =IF((AI6=0),0,AH6/AI6) -> 0.039106145 | AK6: =AJ6*9.04 -> 0.35351955 | AL6: 52 | AM6: ='Production data'!J3 -> 1075 | AN6: =IF((AM6=0),0,AL6/AM6) -> 0.048372093 | AO6: =AN6*9.04 -> 0.43728372 | AP6: 41 | AQ6: ='Production data'!K3 -> 466 | AR6: =IF((AQ6=0),0,AP6/AQ6) -> 0.087982833 | AS6: =AR6*9.04 -> 0.79536481 | AT6: 46 | AU6: ='Production data'!L3 -> 881 | AV6: =IF((AU6=0),0,AT6/AU6) -> 0.052213394 | AW6: =AV6*9.04 -> 0.47200908 | AX6: 44 | AY6: ='Production data'!M3 -> 766 | AZ6: =IF((AY6=0),0,AX6/AY6) -> 0.057441253 | BA6: =AZ6*9.04 -> 0.51926893 | BB6: 41 | BC6: ='Production data'!N3 -> 726 | BD6: =IF((BC6=0),0,BB6/BC6) -> 0.056473829 | BE6: =BD6*9.04 -> 0.51052342 | BF6: 17 | BG6: ='Production data'!O3 -> 300 | BH6: =IF((BG6=0),0,BF6/BG6) -> 0.056666667 | BI6: =BH6*9.04 -> 0.51226667 | BJ6: 43 | BK6: ='Production data'!P3 -> 876 | BL6: =IF((BK6=0),0,BJ6/BK6) -> 0.049086758 | BM6: =BL6*9.04 -> 0.44374429 | BN6: 41 | BO6: ='Production data'!Q3 -> 978 | BP6: =IF((BO6=0),0,BN6/BO6) -> 0.04192229 | BQ6: =BP6*9.04 -> 0.37897751 | BR6: 38 | BS6: ='Production data'!R3 -> 1037 | BT6: =IF((BS6=0),0,BR6/BS6) -> 0.036644166 | BU6: =BT6*9.04 -> 0.33126326 | BV6: 39 | BW6: ='Production data'!S3 -> 816 | BX6: =IF((BW6=0),0,BV6/BW6) -> 0.047794118 | BY6: =BX6*9.04 -> 0.43205882 | BZ6: 13 | CA6: ='Production data'!T3 -> 0 | CB6: =IF((CA6=0),0,BZ6/CA6) -> 0 | CC6: =CB6*9.04 -> 0 | CD6: 36 | CE6: ='Production data'!U3 -> 881 | CF6: =IF((CE6=0),0,CD6/CE6) -> 0.040862656 | CG6: =CF6*9.04 -> 0.36939841 | CH6: 19 | CI6: ='Production data'!V3 -> 369 | CJ6: =IF((CI6=0),0,CH6/CI6) -> 0.051490515 | CK6: =CJ6*9.04 -> 0.46547425 | CL6: 29 | CM6: ='Production data'!W3 -> 495 | CN6: =IF((CM6=0),0,CL6/CM6) -> 0.058585859 | CO6: =CN6*9.04 -> 0.52961616 | CP6: 19 | CQ6: ='Production data'!X3 -> 704 | CR6: =IF((CQ6=0),0,CP6/CQ6) -> 0.026988636 | CS6: =CR6*9.04 -> 0.24397727 | CT6: 43 | CU6: ='Production data'!Y3 -> 955 | CV6: =IF((CU6=0),0,CT6/CU6) -> 0.045026178 | CW6: =CV6*9.04 -> 0.40703665 | CX6: 25 | CY6: ='Production data'!Z3 -> 248 | CZ6: =IF((CY6=0),0,CX6/CY6) -> 0.10080645 | DA6: =CZ6*9.04 -> 0.91129032 | DB6: 32 | DC6: ='Production data'!AA3 -> 510 | DD6: =IF((DC6=0),0,DB6/DC6) -> 0.062745098 | DE6: =DD6*9.04 -> 0.56721569 | DF6: 40 | DG6: ='Production data'!AB3 -> 706 | DH6: =IF((DG6=0),0,DF6/DG6) -> 0.056657224 | DI6: =DH6*9.04 -> 0.5121813 | DJ6: 40 | DK6: ='Production data'!AC3 -> 652 | DL6: =IF((DK6=0),0,DJ6/DK6) -> 0.061349693 | DM6: =DL6*9.04 -> 0.55460123 | DN6: 41 | DO6: ='Production data'!AD3 -> 932 | DP6: =IF((DO6=0),0,DN6/DO6) -> 0.043991416 | DQ6: =DP6*9.04 -> 0.3976824 | DR6: 21 | DS6: ='Production data'!AE3 -> 154 | DT6: =IF((DS6=0),0,DR6/DS6) -> 0.13636364 | DU6: =DT6*9.04 -> 1.2327273 | DW6: ='Production data'!AF3 -> 0 | DX6: =IF((DW6=0),0,DV6/DW6) -> 0 | DY6: =DX6*9.04 -> 0 | DZ6: =F6+J6+N6+R6+V6+Z6+AD6+AH6+AL6+AP6+AT6+AX6+BB6+BF6+BJ6+BN6+BR6+BV6+BZ6+CD6+CH6+CL6+CP6+CT6+CX6+DB6+DF6+DJ6+DN6+DR6+DV6 -> 960 | EA6: =G6+K6+O6+S6+W6+AA6+AI6+AM6+AQ6+AU6+AY6+BC6+BG6+BK6+BO6+BS6+BW6+CA6+CE6+CI6+CM6+CQ6+CU6+CY6+DC6+DG6+DK6+DO6+DS6+DW6 -> 17787 | EB6: =IF((EA6=0),0,DZ6/EA6) -> 0.053972002 | EC6: =EB6*9.04 -> 0.4879069
C7: 50 | D7: TF OD GRINDING | F7: 0 | G7: ='Production data'!B4 -> 0 | H7: =IF((G7=0),0,F7/G7) -> 0 | I7: =H7*9.04 -> 0 | J7: 0 | K7: ='Production data'!C4 -> 0 | L7: =IF((K7=0),0,J7/K7) -> 0 | M7: =L7*9.04 -> 0 | N7: 22 | O7: ='Production data'!D4 -> 0 | P7: =IF((O7=0),0,N7/O7) -> 0 | Q7: =P7*9.04 -> 0 | R7: 22 | S7: ='Production data'!E4 -> 0 | T7: =IF((S7=0),0,R7/S7) -> 0 | U7: =T7*9.04 -> 0 | V7: 17 | W7: ='Production data'!F4 -> 0 | X7: =IF((W7=0),0,V7/W7) -> 0 | Y7: =X7*9.04 -> 0 | Z7: 1 | AA7: ='Production data'!G4 -> 0 | AB7: =IF((AA7=0),0,Z7/AA7) -> 0 | AC7: =AB7*9.04 -> 0 | AD7: 20 | AE7: ='Production data'!H4 -> 0 | AF7: =IF((AE7=0),0,AD7/AE7) -> 0 | AG7: =AF7*9.04 -> 0 | AH7: 20 | AI7: ='Production data'!I4 -> 0 | AJ7: =IF((AI7=0),0,AH7/AI7) -> 0 | AK7: =AJ7*9.04 -> 0 | AL7: 23 | AM7: ='Production data'!J4 -> 0 | AN7: =IF((AM7=0),0,AL7/AM7) -> 0 | AO7: =AN7*9.04 -> 0 | AP7: 18 | AQ7: ='Production data'!K4 -> 0 | AR7: =IF((AQ7=0),0,AP7/AQ7) -> 0 | AS7: =AR7*9.04 -> 0 | AT7: 21 | AU7: ='Production data'!L4 -> 0 | AV7: =IF((AU7=0),0,AT7/AU7) -> 0 | AW7: =AV7*9.04 -> 0 | AX7: 20 | AY7: ='Production data'!M4 -> 0 | AZ7: =IF((AY7=0),0,AX7/AY7) -> 0 | BA7: =AZ7*9.04 -> 0 | BB7: 12 | BC7: ='Production data'!N4 -> 0 | BD7: =IF((BC7=0),0,BB7/BC7) -> 0 | BE7: =BD7*9.04 -> 0 | BF7: 11 | BG7: ='Production data'!O4 -> 0 | BH7: =IF((BG7=0),0,BF7/BG7) -> 0 | BI7: =BH7*9.04 -> 0 | BJ7: 20 | BK7: ='Production data'!P4 -> 0 | BL7: =IF((BK7=0),0,BJ7/BK7) -> 0 | BM7: =BL7*9.04 -> 0 | BN7: 20 | BO7: ='Production data'!Q4 -> 0 | BP7: =IF((BO7=0),0,BN7/BO7) -> 0 | BQ7: =BP7*9.04 -> 0 | BR7: 20 | BS7: ='Production data'!R4 -> 0 | BT7: =IF((BS7=0),0,BR7/BS7) -> 0 | BU7: =BT7*9.04 -> 0 | BV7: 17 | BW7: ='Production data'!S4 -> 0 | BX7: =IF((BW7=0),0,BV7/BW7) -> 0 | BY7: =BX7*9.04 -> 0 | BZ7: 6 | CA7: ='Production data'!T4 -> 0 | CB7: =IF((CA7=0),0,BZ7/CA7) -> 0 | CC7: =CB7*9.04 -> 0 | CD7: 17 | CE7: ='Production data'!U4 -> 0 | CF7: =IF((CE7=0),0,CD7/CE7) -> 0 | CG7: =CF7*9.04 -> 0 | CH7: 9 | CI7: ='Production data'!V4 -> 0 | CJ7: =IF((CI7=0),0,CH7/CI7) -> 0 | CK7: =CJ7*9.04 -> 0 | CL7: 13 | CM7: ='Production data'!W4 -> 0 | CN7: =IF((CM7=0),0,CL7/CM7) -> 0 | CO7: =CN7*9.04 -> 0 | CP7: 14 | CQ7: ='Production data'!X4 -> 0 | CR7: =IF((CQ7=0),0,CP7/CQ7) -> 0 | CS7: =CR7*9.04 -> 0 | CT7: 22 | CU7: ='Production data'!Y4 -> 0 | CV7: =IF((CU7=0),0,CT7/CU7) -> 0 | CW7: =CV7*9.04 -> 0 | CX7: 16 | CY7: ='Production data'!Z4 -> 0 | CZ7: =IF((CY7=0),0,CX7/CY7) -> 0 | DA7: =CZ7*9.04 -> 0 | DB7: 14 | DC7: ='Production data'!AA4 -> 0 | DD7: =IF((DC7=0),0,DB7/DC7) -> 0 | DE7: =DD7*9.04 -> 0 | DF7: 66 | DG7: ='Production data'!AB4 -> 0 | DH7: =IF((DG7=0),0,DF7/DG7) -> 0 | DI7: =DH7*9.04 -> 0 | DJ7: 4 | DK7: ='Production data'!AC4 -> 0 | DL7: =IF((DK7=0),0,DJ7/DK7) -> 0 | DM7: =DL7*9.04 -> 0 | DN7: 19 | DO7: ='Production data'!AD4 -> 0 | DP7: =IF((DO7=0),0,DN7/DO7) -> 0 | DQ7: =DP7*9.04 -> 0 | DR7: 9 | DS7: ='Production data'!AE4 -> 0 | DT7: =IF((DS7=0),0,DR7/DS7) -> 0 | DU7: =DT7*9.04 -> 0 | DW7: ='Production data'!AF4 -> 0 | DX7: =IF((DW7=0),0,DV7/DW7) -> 0 | DY7: =DX7*9.04 -> 0 | DZ7: =F7+J7+N7+R7+V7+Z7+AD7+AH7+AL7+AP7+AT7+AX7+BB7+BF7+BJ7+BN7+BR7+BV7+BZ7+CD7+CH7+CL7+CP7+CT7+CX7+DB7+DF7+DJ7+DN7+DR7+DV7 -> 493 | EA7: =G7+K7+O7+S7+W7+AA7+AI7+AM7+AQ7+AU7+AY7+BC7+BG7+BK7+BO7+BS7+BW7+CA7+CE7+CI7+CM7+CQ7+CU7+CY7+DC7+DG7+DK7+DO7+DS7+DW7 -> 0 | EB7: =IF((EA7=0),0,DZ7/EA7) -> 0 | EC7: =EB7*9.04 -> 0
C8: 42 | D8: WHEEL FLANGE ROBO 894 | F8: 0 | G8: =G7+G6 -> 0 | H8: =IF((G8=0),0,F8/G8) -> 0 | I8: =H8*9.04 -> 0 | J8: 11 | K8: =K7+K6 -> 331 | L8: =IF((K8=0),0,J8/K8) -> 0.033232628 | M8: =L8*9.04 -> 0.30042296 | N8: 12 | O8: =O7+O6 -> 1041 | P8: =IF((O8=0),0,N8/O8) -> 0.011527378 | Q8: =P8*9.04 -> 0.10420749 | R8: 14 | S8: =S7+S6 -> 955 | T8: =IF((S8=0),0,R8/S8) -> 0.014659686 | U8: =T8*9.04 -> 0.13252356 | V8: 11 | W8: =W7+W6 -> 396 | X8: =IF((W8=0),0,V8/W8) -> 0.027777778 | Y8: =X8*9.04 -> 0.25111111 | Z8: 1 | AA8: =AA7+AA6 -> 0 | AB8: =IF((AA8=0),0,Z8/AA8) -> 0 | AC8: =AB8*9.04 -> 0 | AD8: 12 | AE8: =AE7+AE6 -> 771 | AF8: =IF((AE8=0),0,AD8/AE8) -> 0.015564202 | AG8: =AF8*9.04 -> 0.14070039 | AH8: 16 | AI8: =AI7+AI6 -> 537 | AJ8: =IF((AI8=0),0,AH8/AI8) -> 0.029795158 | AK8: =AJ8*9.04 -> 0.26934823 | AL8: 19 | AM8: =AM7+AM6 -> 1075 | AN8: =IF((AM8=0),0,AL8/AM8) -> 0.017674419 | AO8: =AN8*9.04 -> 0.15977674 | AP8: 16 | AQ8: =AQ7+AQ6 -> 466 | AR8: =IF((AQ8=0),0,AP8/AQ8) -> 0.034334764 | AS8: =AR8*9.04 -> 0.31038627 | AT8: 18 | AU8: =AU7+AU6 -> 881 | AV8: =IF((AU8=0),0,AT8/AU8) -> 0.020431328 | AW8: =AV8*9.04 -> 0.18469921 | AX8: 18 | AY8: =AY7+AY6 -> 766 | AZ8: =IF((AY8=0),0,AX8/AY8) -> 0.023498695 | BA8: =AZ8*9.04 -> 0.2124282 | BB8: 18 | BC8: =BC7+BC6 -> 726 | BD8: =IF((BC8=0),0,BB8/BC8) -> 0.024793388 | BE8: =BD8*9.04 -> 0.22413223 | BF8: 8 | BG8: =BG7+BG6 -> 300 | BH8: =IF((BG8=0),0,BF8/BG8) -> 0.026666667 | BI8: =BH8*9.04 -> 0.24106667 | BJ8: 18 | BK8: =BK7+BK6 -> 876 | BL8: =IF((BK8=0),0,BJ8/BK8) -> 0.020547945 | BM8: =BL8*9.04 -> 0.18575342 | BN8: 18 | BO8: =BO7+BO6 -> 978 | BP8: =IF((BO8=0),0,BN8/BO8) -> 0.018404908 | BQ8: =BP8*9.04 -> 0.16638037 | BR8: 20 | BS8: =BS7+BS6 -> 1037 | BT8: =IF((BS8=0),0,BR8/BS8) -> 0.019286403 | BU8: =BT8*9.04 -> 0.17434908 | BV8: 18 | BW8: =BW7+BW6 -> 816 | BX8: =IF((BW8=0),0,BV8/BW8) -> 0.022058824 | BY8: =BX8*9.04 -> 0.19941176 | BZ8: 8 | CA8: =CA7+CA6 -> 0 | CB8: =IF((CA8=0),0,BZ8/CA8) -> 0 | CC8: =CB8*9.04 -> 0 | CD8: 16 | CE8: =CE7+CE6 -> 881 | CF8: =IF((CE8=0),0,CD8/CE8) -> 0.01816118 | CG8: =CF8*9.04 -> 0.16417707 | CH8: 8 | CI8: =CI7+CI6 -> 369 | CJ8: =IF((CI8=0),0,CH8/CI8) -> 0.021680217 | CK8: =CJ8*9.04 -> 0.19598916 | CL8: 8 | CM8: =CM7+CM6 -> 495 | CN8: =IF((CM8=0),0,CL8/CM8) -> 0.016161616 | CO8: =CN8*9.04 -> 0.14610101 | CP8: 9 | CQ8: =CQ7+CQ6 -> 704 | CR8: =IF((CQ8=0),0,CP8/CQ8) -> 0.012784091 | CS8: =CR8*9.04 -> 0.11556818 | CT8: 14 | CU8: =CU7+CU6 -> 955 | CV8: =IF((CU8=0),0,CT8/CU8) -> 0.014659686 | CW8: =CV8*9.04 -> 0.13252356 | CX8: 11 | CY8: =CY7+CY6 -> 248 | CZ8: =IF((CY8=0),0,CX8/CY8) -> 0.044354839 | DA8: =CZ8*9.04 -> 0.40096774 | DB8: 11 | DC8: =DC7+DC6 -> 510 | DD8: =IF((DC8=0),0,DB8/DC8) -> 0.021568627 | DE8: =DD8*9.04 -> 0.19498039 | DF8: 14 | DG8: =DG7+DG6 -> 706 | DH8: =IF((DG8=0),0,DF8/DG8) -> 0.019830028 | DI8: =DH8*9.04 -> 0.17926346 | DJ8: 10 | DK8: =DK7+DK6 -> 652 | DL8: =IF((DK8=0),0,DJ8/DK8) -> 0.015337423 | DM8: =DL8*9.04 -> 0.13865031 | DN8: 16 | DO8: =DO7+DO6 -> 932 | DP8: =IF((DO8=0),0,DN8/DO8) -> 0.017167382 | DQ8: =DP8*9.04 -> 0.15519313 | DR8: 8 | DS8: =DS7+DS6 -> 154 | DT8: =IF((DS8=0),0,DR8/DS8) -> 0.051948052 | DU8: =DT8*9.04 -> 0.46961039 | DW8: =DW7+DW6 -> 0 | DX8: =IF((DW8=0),0,DV8/DW8) -> 0 | DY8: =DX8*9.04 -> 0 | DZ8: =F8+J8+N8+R8+V8+Z8+AD8+AH8+AL8+AP8+AT8+AX8+BB8+BF8+BJ8+BN8+BR8+BV8+BZ8+CD8+CH8+CL8+CP8+CT8+CX8+DB8+DF8+DJ8+DN8+DR8+DV8 -> 381 | EA8: =G8+K8+O8+S8+W8+AA8+AI8+AM8+AQ8+AU8+AY8+BC8+BG8+BK8+BO8+BS8+BW8+CA8+CE8+CI8+CM8+CQ8+CU8+CY8+DC8+DG8+DK8+DO8+DS8+DW8 -> 17787 | EB8: =IF((EA8=0),0,DZ8/EA8) -> 0.021420138 | EC8: =EB8*9.04 -> 0.19363805
D9: Total OD Grinding | F9: =SUM(F6:F8) -> 1 | G9: =SUM(G6:G8) -> 0 | H9: =SUM(H6:H8) -> 0 | I9: =SUM(I6:I8) -> 0 | J9: =SUM(J6:J8) -> 45 | K9: =SUM(K6:K8) -> 662 | L9: =SUM(L6:L8) -> 0.13595166 | M9: =SUM(M6:M8) -> 1.229003 | ... EC9: =SUM(EC6:EC8) -> 0.68154495
C11: 21 | D11: SHAFT UNO CNC 1 | E11: Shaft Line | F11: 1 | G11: ='Production data'!B5 -> 0 | H11: =IF((G11=0),0,F11/G11) -> 0 | I11: =H11*9.04 -> 0 | J11: 63 | K11: ='Production data'!C5 -> 623 | L11: =IF((K11=0),0,J11/K11) -> 0.1011236 | M11: =L11*9.04 -> 0.9141573 | N11: 35 | O11: ='Production data'!D5 -> 370 | P11: =IF((O11=0),0,N11/O11) -> 0.094594595 | Q11: =P11*9.04 -> 0.85513514 | R11: 61 | S11: ='Production data'!E5 -> 580 | T11: =IF((S11=0),0,R11/S11) -> 0.10517241 | U11: =T11*9.04 -> 0.95075862 | V11: 35 | W11: ='Production data'!F5 -> 300 | X11: =IF((W11=0),0,V11/W11) -> 0.11666667 | Y11: =X11*9.04 -> 1.0546667 | Z11: 2 | AA11: ='Production data'!G5 -> 0 | AB11: =IF((AA11=0),0,Z11/AA11) -> 0 | AC11: =AB11*9.04 -> 0 | AD11: 47 | AE11: ='Production data'!H5 -> 448 | AF11: =IF((AE11=0),0,AD11/AE11) -> 0.10491071 | AG11: =AF11*9.04 -> 0.94839286 | AH11: 40 | AI11: ='Production data'!I5 -> 400 | AJ11: =IF((AI11=0),0,AH11/AI11) -> 0.1 | AK11: =AJ11*9.04 -> 0.904 | AL11: 45 | AM11: ='Production data'!J5 -> 347 | AN11: =IF((AM11=0),0,AL11/AM11) -> 0.129683 | AO11: =AN11*9.04 -> 1.1723343 | AP11: 61 | AQ11: ='Production data'!K5 -> 473 | AR11: =IF((AQ11=0),0,AP11/AQ11) -> 0.12896406 | AS11: =AR11*9.04 -> 1.1658351 | AT11: 56 | AU11: ='Production data'!L5 -> 432 | AV11: =IF((AU11=0),0,AT11/AU11) -> 0.12962963 | AW11: =AV11*9.04 -> 1.1718519 | AX11: 61 | AY11: ='Production data'!M5 -> 550 | AZ11: =IF((AY11=0),0,AX11/AY11) -> 0.11090909 | BA11: =AZ11*9.04 -> 1.0026182 | BB11: 69 | BC11: ='Production data'!N5 -> 670 | BD11: =IF((BC11=0),0,BB11/BC11) -> 0.10298507 | BE11: =BD11*9.04 -> 0.93098507 | BF11: 31 | BG11: ='Production data'!O5 -> 260 | BH11: =IF((BG11=0),0,BF11/BG11) -> 0.11923077 | BI11: =BH11*9.04 -> 1.0778462 | BJ11: 71 | BK11: ='Production data'!P5 -> 711 | BL11: =IF((BK11=0),0,BJ11/BK11) -> 0.099859353 | BM11: =BL11*9.04 -> 0.90272855 | BN11: 70 | BO11: ='Production data'!Q5 -> 749 | BP11: =IF((BO11=0),0,BN11/BO11) -> 0.093457944 | BQ11: =BP11*9.04 -> 0.84485981 | BR11: 27 | BS11: ='Production data'!R5 -> 192 | BT11: =IF((BS11=0),0,BR11/BS11) -> 0.140625 | BU11: =BT11*9.04 -> 1.27125 | BV11: 58 | BW11: ='Production data'!S5 -> 560 | BX11: =IF((BW11=0),0,BV11/BW11) -> 0.10357143 | BY11: =BX11*9.04 -> 0.93628571 | BZ11: 77 | CA11: ='Production data'!T5 -> 804 | CB11: =IF((CA11=0),0,BZ11/CA11) -> 0.095771144 | CC11: =CB11*9.04 -> 0.86577114 | CD11: 75 | CE11: ='Production data'!U5 -> 821 | CF11: =IF((CE11=0),0,CD11/CE11) -> 0.09135201 | CG11: =CF11*9.04 -> 0.82582217 | CH11: 4 | CI11: ='Production data'!V5 -> 0 | CJ11: =IF((CI11=0),0,CH11/CI11) -> 0 | CK11: =CJ11*9.04 -> 0 | CL11: 60 | CM11: ='Production data'!W5 -> 635 | CN11: =IF((CM11=0),0,CL11/CM11) -> 0.094488189 | CO11: =CN11*9.04 -> 0.85417323 | CP11: 33 | CQ11: ='Production data'!X5 -> 271 | CR11: =IF((CQ11=0),0,CP11/CQ11) -> 0.12177122 | CS11: =CR11*9.04 -> 1.1008118 | CT11: 23 | CU11: ='Production data'!Y5 -> 150 | CV11: =IF((CU11=0),0,CT11/CU11) -> 0.15333333 | CW11: =CV11*9.04 -> 1.3861333 | CX11: 20 | CY11: ='Production data'!Z5 -> 130 | CZ11: =IF((CY11=0),0,CX11/CY11) -> 0.15384615 | DA11: =CZ11*9.04 -> 1.3907692 | DB11: 55 | DC11: ='Production data'!AA5 -> 442 | DD11: =IF((DC11=0),0,DB11/DC11) -> 0.12443439 | DE11: =DD11*9.04 -> 1.1248869 | DF11: 57 | DG11: ='Production data'!AB5 -> 550 | DH11: =IF((DG11=0),0,DF11/DG11) -> 0.10363636 | DI11: =DH11*9.04 -> 0.93687273 | DJ11: 25 | DK11: ='Production data'!AC5 -> 130 | DL11: =IF((DK11=0),0,DJ11/DK11) -> 0.19230769 | DM11: =DL11*9.04 -> 1.7384615 | DN11: 69 | DO11: ='Production data'!AD5 -> 740 | DP11: =IF((DO11=0),0,DN11/DO11) -> 0.093243243 | DQ11: =DP11*9.04 -> 0.84291892 | DR11: 79 | DS11: ='Production data'!AE5 -> 340 | DT11: =IF((DS11=0),0,DR11/DS11) -> 0.23235294 | DU11: =DT11*9.04 -> 2.1004706 | DW11: ='Production data'!AF5 -> 0 | DX11: =IF((DW11=0),0,DV11/DW11) -> 0 | DY11: =DX11*9.04 -> 0 | DZ11: =F11+J11+N11+R11+V11+Z11+AD11+AH11+AL11+AP11+AT11+AX11+BB11+BF11+BJ11+BN11+BR11+BV11+BZ11+CD11+CH11+CL11+CP11+CT11+CX11+DB11+DF11+DJ11+DN11+DR11+DV11 -> 1410 | EA11: =G11+K11+O11+S11+W11+AA11+AI11+AM11+AQ11+AU11+AY11+BC11+BG11+BK11+BO11+BS11+BW11+CA11+CE11+CI11+CM11+CQ11+CU11+CY11+DC11+DG11+DK11+DO11+DS11+DW11 -> 12230 | EB11: =IF((EA11=0),0,DZ11/EA11) -> 0.11529027 | EC11: =EB11*9.04 -> 1.042224
C12: 22 | D12: SHAFT UNO CNC 2 | F12: 0 | G12: =G11 -> 0 | H12: =IF((G12=0),0,F12/G12) -> 0 | I12: =H12*9.04 -> 0 | J12: 63 | K12: =K11 -> 623 | L12: =IF((K12=0),0,J12/K12) -> 0.1011236 | M12: =L12*9.04 -> 0.9141573 | N12: 34 | O12: =O11 -> 370 | P12: =IF((O12=0),0,N12/O12) -> 0.091891892 | Q12: =P12*9.04 -> 0.8307027 | R12: 62 | S12: =S11 -> 580 | T12: =IF((S12=0),0,R12/S12) -> 0.10689655 | U12: =T12*9.04 -> 0.96634483 | V12: 34 | W12: =W11 -> 300 | X12: =IF((W12=0),0,V12/W12) -> 0.11333333 | Y12: =X12*9.04 -> 1.0245333 | Z12: 0 | AA12: =AA11 -> 0 | AB12: =IF((AA12=0),0,Z12/AA12) -> 0 | AC12: =AB12*9.04 -> 0 | AD12: 47 | AE12: =AE11 -> 448 | AF12: =IF((AE12=0),0,AD12/AE12) -> 0.10491071 | AG12: =AF12*9.04 -> 0.94839286 | AH12: 39 | AI12: =AI11 -> 400 | AJ12: =IF((AI12=0),0,AH12/AI12) -> 0.0975 | AK12: =AJ12*9.04 -> 0.8814 | AL12: 46 | AM12: =AM11 -> 347 | AN12: =IF((AM12=0),0,AL12/AM12) -> 0.13256484 | AO12: =AN12*9.04 -> 1.1983862 | AP12: 62 | AQ12: =AQ11 -> 473 | AR12: =IF((AQ12=0),0,AP12/AQ12) -> 0.13107822 | AS12: =AR12*9.04 -> 1.1849471 | AT12: 56 | AU12: =AU11 -> 432 | AV12: =IF((AU12=0),0,AT12/AU12) -> 0.12962963 | AW12: =AV12*9.04 -> 1.1718519 | AX12: 61 | AY12: =AY11 -> 550 | AZ12: =IF((AY12=0),0,AX12/AY12) -> 0.11090909 | BA12: =AZ12*9.04 -> 1.0026182 | BB12: 69 | BC12: =BC11 -> 670 | BD12: =IF((BC12=0),0,BB12/BC12) -> 0.10298507 | BE12: =BD12*9.04 -> 0.93098507 | BF12: 30 | BG12: =BG11 -> 260 | BH12: =IF((BG12=0),0,BF12/BG12) -> 0.11538462 | BI12: =BH12*9.04 -> 1.0430769 | BJ12: 72 | BK12: =BK11 -> 711 | BL12: =IF((BK12=0),0,BJ12/BK12) -> 0.10126582 | BM12: =BL12*9.04 -> 0.91544304 | BN12: 70 | BO12: =BO11 -> 749 | BP12: =IF((BO12=0),0,BN12/BO12) -> 0.093457944 | BQ12: =BP12*9.04 -> 0.84485981 | BR12: 28 | BS12: =BS11 -> 192 | BT12: =IF((BS12=0),0,BR12/BS12) -> 0.14583333 | BU12: =BT12*9.04 -> 1.3183333 | BV12: 57 | BW12: =BW11 -> 560 | BX12: =IF((BW12=0),0,BV12/BW12) -> 0.10178571 | BY12: =BX12*9.04 -> 0.92014286 | BZ12: 77 | CA12: =CA11 -> 804 | CB12: =IF((CA12=0),0,BZ12/CA12) -> 0.095771144 | CC12: =CB12*9.04 -> 0.86577114 | CD12: 75 | CE12: =CE11 -> 821 | CF12: =IF((CE12=0),0,CD12/CE12) -> 0.09135201 | CG12: =CF12*9.04 -> 0.82582217 | CH12: 4 | CI12: =CI11 -> 0 | CJ12: =IF((CI12=0),0,CH12/CI12) -> 0 | CK12: =CJ12*9.04 -> 0 | CL12: 61 | CM12: =CM11 -> 635 | CN12: =IF((CM12=0),0,CL12/CM12) -> 0.096062992 | CO12: =CN12*9.04 -> 0.86840945 | CP12: 32 | CQ12: =CQ11 -> 271 | CR12: =IF((CQ12=0),0,CP12/CQ12) -> 0.11808118 | CS12: =CR12*9.04 -> 1.0674539 | CT12: 23 | CU12: =CU11 -> 150 | CV12: =IF((CU12=0),0,CT12/CU12) -> 0.15333333 | CW12: =CV12*9.04 -> 1.3861333 | CX12: 20 | CY12: =CY11 -> 130 | CZ12: =IF((CY12=0),0,CX12/CY12) -> 0.15384615 | DA12: =CZ12*9.04 -> 1.3907692 | DB12: 56 | DC12: =DC11 -> 442 | DD12: =IF((DC12=0),0,DB12/DC12) -> 0.12669683 | DE12: =DD12*9.04 -> 1.1453394 | DF12: 57 | DG12: =DG11 -> 550 | DH12: =IF((DG12=0),0,DF12/DG12) -> 0.10363636 | DI12: =DH12*9.04 -> 0.93687273 | DJ12: 25 | DK12: =DK11 -> 130 | DL12: =IF((DK12=0),0,DJ12/DK12) -> 0.19230769 | DM12: =DL12*9.04 -> 1.7384615 | DN12: 70 | DO12: =DO11 -> 740 | DP12: =IF((DO12=0),0,DN12/DO12) -> 0.094594595 | DQ12: =DP12*9.04 -> 0.85513514 | DR12: 0 | DS12: =DS11 -> 340 | DT12: =IF((DS12=0),0,DR12/DS12) -> 0 | DU12: =DT12*9.04 -> 0 | DW12: =DW11 -> 0 | DX12: =IF((DW12=0),0,DV12/DW12) -> 0 | DY12: =DX12*9.04 -> 0 | DZ12: =F12+J12+N12+R12+V12+Z12+AD12+AH12+AL12+AP12+AT12+AX12+BB12+BF12+BJ12+BN12+BR12+BV12+BZ12+CD12+CH12+CL12+CP12+CT12+CX12+DB12+DF12+DJ12+DN12+DR12+DV12 -> 1330 | EA12: =G12+K12+O12+S12+W12+AA12+AI12+AM12+AQ12+AU12+AY12+BC12+BG12+BK12+BO12+BS12+BW12+CA12+CE12+CI12+CM12+CQ12+CU12+CY12+DC12+DG12+DK12+DO12+DS12+DW12 -> 12230 | EB12: =IF((EA12=0),0,DZ12/EA12) -> 0.10874898 | EC12: =EB12*9.04 -> 0.98309076
C13: 23 | D13: SHAFT RACK ROLLING | F13: 0 | G13: ='Production data'!B16 -> 0 | H13: =IF((G13=0),0,F13/G13) -> 0 | I13: =H13*9.04 -> 0 | J13: 74 | K13: ='Production data'!C16 -> 1159 | L13: =IF((K13=0),0,J13/K13) -> 0.063848145 | M13: =L13*9.04 -> 0.57718723 | N13: 62 | O13: ='Production data'!D16 -> 918 | P13: =IF((O13=0),0,N13/O13) -> 0.067538126 | Q13: =P13*9.04 -> 0.61054466 | R13: 72 | S13: ='Production data'!E16 -> 1274 | T13: =IF((S13=0),0,R13/S13) -> 0.056514914 | U13: =T13*9.04 -> 0.51089482 | V13: 68 | W13: ='Production data'!F16 -> 1216 | X13: =IF((W13=0),0,V13/W13) -> 0.055921053 | Y13: =X13*9.04 -> 0.50552632 | Z13: 1 | AA13: ='Production data'!G16 -> 0 | AB13: =IF((AA13=0),0,Z13/AA13) -> 0 | AC13: =AB13*9.04 -> 0 | AD13: 65 | AE13: ='Production data'!H16 -> 1170 | AF13: =IF((AE13=0),0,AD13/AE13) -> 0.055555556 | AG13: =AF13*9.04 -> 0.50222222 | AH13: 69 | AI13: ='Production data'!I16 -> 1055 | AJ13: =IF((AI13=0),0,AH13/AI13) -> 0.065402844 | AK13: =AJ13*9.04 -> 0.59124171 | AL13: 58 | AM13: ='Production data'!J16 -> 567 | AN13: =IF((AM13=0),0,AL13/AM13) -> 0.10229277 | AO13: =AN13*9.04 -> 0.92472663 | AP13: 57 | AQ13: ='Production data'!K16 -> 589 | AR13: =IF((AQ13=0),0,AP13/AQ13) -> 0.096774194 | AS13: =AR13*9.04 -> 0.87483871 | AT13: 63 | AU13: ='Production data'!L16 -> 800 | AV13: =IF((AU13=0),0,AT13/AU13) -> 0.07875 | AW13: =AV13*9.04 -> 0.7119 | AX13: 57 | AY13: ='Production data'!M16 -> 555 | AZ13: =IF((AY13=0),0,AX13/AY13) -> 0.1027027 | BA13: =AZ13*9.04 -> 0.92843243 | BB13: 66 | BC13: ='Production data'!N16 -> 858 | BD13: =IF((BC13=0),0,BB13/BC13) -> 0.076923077 | BE13: =BD13*9.04 -> 0.69538462 | BF13: 33 | BG13: ='Production data'!O16 -> 512 | BH13: =IF((BG13=0),0,BF13/BG13) -> 0.064453125 | BI13: =BH13*9.04 -> 0.58265625 | BJ13: 60 | BK13: ='Production data'!P16 -> 632 | BL13: =IF((BK13=0),0,BJ13/BK13) -> 0.094936709 | BM13: =BL13*9.04 -> 0.85822785 | BN13: 73 | BO13: ='Production data'!Q16 -> 1264 | BP13: =IF((BO13=0),0,BN13/BO13) -> 0.057753165 | BQ13: =BP13*9.04 -> 0.52208861 | BR13: 65 | BS13: ='Production data'!R16 -> 1055 | BT13: =IF((BS13=0),0,BR13/BS13) -> 0.061611374 | BU13: =BT13*9.04 -> 0.55696682 | BV13: 65 | BW13: ='Production data'!S16 -> 850 | BX13: =IF((BW13=0),0,BV13/BW13) -> 0.076470588 | BY13: =BX13*9.04 -> 0.69129412 | BZ13: 76 | CA13: ='Production data'!T16 -> 960 | CB13: =IF((CA13=0),0,BZ13/CA13) -> 0.079166667 | CC13: =CB13*9.04 -> 0.71566667 | CD13: 69 | CE13: ='Production data'!U16 -> 440 | CF13: =IF((CE13=0),0,CD13/CE13) -> 0.15681818 | CG13: =CF13*9.04 -> 1.4176364 | CH13: 2 | CI13: ='Production data'!V16 -> 0 | CJ13: =IF((CI13=0),0,CH13/CI13) -> 0 | CK13: =CJ13*9.04 -> 0 | CL13: 72 | CM13: ='Production data'!W16 -> 1236 | CN13: =IF((CM13=0),0,CL13/CM13) -> 0.058252427 | CO13: =CN13*9.04 -> 0.52660194 | CP13: 69 | CQ13: ='Production data'!X16 -> 841 | CR13: =IF((CQ13=0),0,CP13/CQ13) -> 0.082045184 | CS13: =CR13*9.04 -> 0.74168847 | CT13: 63 | CU13: ='Production data'!Y16 -> 791 | CV13: =IF((CU13=0),0,CT13/CU13) -> 0.079646018 | CW13: =CV13*9.04 -> 0.72 | CX13: 55 | CY13: ='Production data'!Z16 -> 568 | CZ13: =IF((CY13=0),0,CX13/CY13) -> 0.096830986 | DA13: =CZ13*9.04 -> 0.87535211 | DB13: 63 | DC13: ='Production data'!AA16 -> 846 | DD13: =IF((DC13=0),0,DB13/DC13) -> 0.074468085 | DE13: =DD13*9.04 -> 0.67319149 | DF13: 68 | DG13: ='Production data'!AB16 -> 710 | DH13: =IF((DG13=0),0,DF13/DG13) -> 0.095774648 | DI13: =DH13*9.04 -> 0.86580282 | DJ13: 52 | DK13: ='Production data'!AC16 -> 936 | DL13: =IF((DK13=0),0,DJ13/DK13) -> 0.055555556 | DM13: =DL13*9.04 -> 0.50222222 | DN13: 88 | DO13: ='Production data'!AD16 -> 617 | DP13: =IF((DO13=0),0,DN13/DO13) -> 0.14262561 | DQ13: =DP13*9.04 -> 1.2893355 | DR13: 58 | DS13: ='Production data'!AE16 -> 692 | DT13: =IF((DS13=0),0,DR13/DS13) -> 0.083815029 | DU13: =DT13*9.04 -> 0.75768786 | DW13: ='Production data'!AF16 -> 0 | DX13: =IF((DW13=0),0,DV13/DW13) -> 0 | DY13: =DX13*9.04 -> 0 | DZ13: =F13+J13+N13+R13+V13+Z13+AD13+AH13+AL13+AP13+AT13+AX13+BB13+BF13+BJ13+BN13+BR13+BV13+BZ13+CD13+CH13+CL13+CP13+CT13+CX13+DB13+DF13+DJ13+DN13+DR13+DV13 -> 1743 | EA13: =G13+K13+O13+S13+W13+AA13+AI13+AM13+AQ13+AU13+AY13+BC13+BG13+BK13+BO13+BS13+BW13+CA13+CE13+CI13+CM13+CQ13+CU13+CY13+DC13+DG13+DK13+DO13+DS13+DW13 -> 21941 | EB13: =IF((EA13=0),0,DZ13/EA13) -> 0.079440317 | EC13: =EB13*9.04 -> 0.71814047
C14: 24 | D14: SHAFT ROBO 892 | F14: 0 | G14: =G12 -> 0 | H14: =IF((G14=0),0,F14/G14) -> 0 | I14: =H14*9.04 -> 0 | J14: 15 | K14: =K12 -> 623 | L14: =IF((K14=0),0,J14/K14) -> 0.024077047 | M14: =L14*9.04 -> 0.2176565 | N14: 12 | O14: =O12 -> 370 | P14: =IF((O14=0),0,N14/O14) -> 0.032432432 | Q14: =P14*9.04 -> 0.29318919 | R14: 13 | S14: =S12 -> 580 | T14: =IF((S14=0),0,R14/S14) -> 0.022413793 | U14: =T14*9.04 -> 0.20262069 | V14: 12 | W14: =W12 -> 300 | X14: =IF((W14=0),0,V14/W14) -> 0.04 | Y14: =X14*9.04 -> 0.3616 | Z14: 0 | AA14: =AA12 -> 0 | AB14: =IF((AA14=0),0,Z14/AA14) -> 0 | AC14: =AB14*9.04 -> 0 | AD14: 5 | AE14: =AE12 -> 448 | AF14: =IF((AE14=0),0,AD14/AE14) -> 0.011160714 | AG14: =AF14*9.04 -> 0.10089286 | AH14: 15 | AI14: =AI12 -> 400 | AJ14: =IF((AI14=0),0,AH14/AI14) -> 0.0375 | AK14: =AJ14*9.04 -> 0.339 | AL14: 12 | AM14: =AM12 -> 347 | AN14: =IF((AM14=0),0,AL14/AM14) -> 0.034582133 | AO14: =AN14*9.04 -> 0.31262248 | AP14: 12 | AQ14: =AQ12 -> 473 | AR14: =IF((AQ14=0),0,AP14/AQ14) -> 0.025369979 | AS14: =AR14*9.04 -> 0.22934461 | AT14: 13 | AU14: =AU12 -> 432 | AV14: =IF((AU14=0),0,AT14/AU14) -> 0.030092593 | AW14: =AV14*9.04 -> 0.27203704 | AX14: 12 | AY14: =AY12 -> 550 | AZ14: =IF((AY14=0),0,AX14/AY14) -> 0.021818182 | BA14: =AZ14*9.04 -> 0.19723636 | BB14: 17 | BC14: =BC12 -> 670 | BD14: =IF((BC14=0),0,BB14/BC14) -> 0.025373134 | BE14: =BD14*9.04 -> 0.22937313 | BF14: 8 | BG14: =BG12 -> 260 | BH14: =IF((BG14=0),0,BF14/BG14) -> 0.030769231 | BI14: =BH14*9.04 -> 0.27815385 | BJ14: 11 | BK14: =BK12 -> 711 | BL14: =IF((BK14=0),0,BJ14/BK14) -> 0.015471167 | BM14: =BL14*9.04 -> 0.13985935 | BN14: 16 | BO14: =BO12 -> 749 | BP14: =IF((BO14=0),0,BN14/BO14) -> 0.021361816 | BQ14: =BP14*9.04 -> 0.19311081 | BR14: 14 | BS14: =BS12 -> 192 | BT14: =IF((BS14=0),0,BR14/BS14) -> 0.072916667 | BU14: =BT14*9.04 -> 0.65916667 | BV14: 14 | BW14: =BW12 -> 560 | BX14: =IF((BW14=0),0,BV14/BW14) -> 0.025 | BY14: =BX14*9.04 -> 0.226 | BZ14: 17 | CA14: =CA12 -> 804 | CB14: =IF((CA14=0),0,BZ14/CA14) -> 0.021144279 | CC14: =CB14*9.04 -> 0.19114428 | CD14: 11 | CE14: =CE12 -> 821 | CF14: =IF((CE14=0),0,CD14/CE14) -> 0.013398295 | CG14: =CF14*9.04 -> 0.12112058 | CH14: 0 | CI14: =CI12 -> 0 | CJ14: =IF((CI14=0),0,CH14/CI14) -> 0 | CK14: =CJ14*9.04 -> 0 | CL14: 12 | CM14: =CM12 -> 635 | CN14: =IF((CM14=0),0,CL14/CM14) -> 0.018897638 | CO14: =CN14*9.04 -> 0.17083465 | CP14: 13 | CQ14: =CQ12 -> 271 | CR14: =IF((CQ14=0),0,CP14/CQ14) -> 0.04797048 | CS14: =CR14*9.04 -> 0.43365314 | CT14: 16 | CU14: =CU12 -> 150 | CV14: =IF((CU14=0),0,CT14/CU14) -> 0.10666667 | CW14: =CV14*9.04 -> 0.96426667 | CX14: 12 | CY14: =CY12 -> 130 | CZ14: =IF((CY14=0),0,CX14/CY14) -> 0.092307692 | DA14: =CZ14*9.04 -> 0.83446154 | DB14: 11 | DC14: =DC12 -> 442 | DD14: =IF((DC14=0),0,DB14/DC14) -> 0.024886878 | DE14: =DD14*9.04 -> 0.22497738 | DF14: 15 | DG14: =DG12 -> 550 | DH14: =IF((DG14=0),0,DF14/DG14) -> 0.027272727 | DI14: =DH14*9.04 -> 0.24654545 | DJ14: 10 | DK14: =DK12 -> 130 | DL14: =IF((DK14=0),0,DJ14/DK14) -> 0.076923077 | DM14: =DL14*9.04 -> 0.69538462 | DN14: 16 | DO14: =DO12 -> 740 | DP14: =IF((DO14=0),0,DN14/DO14) -> 0.021621622 | DQ14: =DP14*9.04 -> 0.19545946 | DR14: 11 | DS14: =DS12 -> 340 | DT14: =IF((DS14=0),0,DR14/DS14) -> 0.032352941 | DU14: =DT14*9.04 -> 0.29247059 | DW14: =DW12 -> 0 | DX14: =IF((DW14=0),0,DV14/DW14) -> 0 | DY14: =DX14*9.04 -> 0 | DZ14: =F14+J14+N14+R14+V14+Z14+AD14+AH14+AL14+AP14+AT14+AX14+BB14+BF14+BJ14+BN14+BR14+BV14+BZ14+CD14+CH14+CL14+CP14+CT14+CX14+DB14+DF14+DJ14+DN14+DR14+DV14 -> 345 | EA14: =G14+K14+O14+S14+W14+AA14+AI14+AM14+AQ14+AU14+AY14+BC14+BG14+BK14+BO14+BS14+BW14+CA14+CE14+CI14+CM14+CQ14+CU14+CY14+DC14+DG14+DK14+DO14+DS14+DW14 -> 12230 | EB14: =IF((EA14=0),0,DZ14/EA14) -> 0.028209321 | EC14: =EB14*9.04 -> 0.25501226
C15: 25 | D15: SHAFT WASHING MACHINE | F15: 0 | G15: =G14 -> 0 | H15: =IF((G15=0),0,F15/G15) -> 0 | I15: =H15*9.04 -> 0 | J15: 9 | K15: =K14 -> 623 | L15: =IF((K15=0),0,J15/K15) -> 0.014446228 | M15: =L15*9.04 -> 0.1305939 | N15: 14 | O15: =O14 -> 370 | P15: =IF((O15=0),0,N15/O15) -> 0.037837838 | Q15: =P15*9.04 -> 0.34205405 | R15: 13 | S15: =S14 -> 580 | T15: =IF((S15=0),0,R15/S15) -> 0.022413793 | U15: =T15*9.04 -> 0.20262069 | V15: 12 | W15: =W14 -> 300 | X15: =IF((W15=0),0,V15/W15) -> 0.04 | Y15: =X15*9.04 -> 0.3616 | Z15: 0 | AA15: =AA14 -> 0 | AB15: =IF((AA15=0),0,Z15/AA15) -> 0 | AC15: =AB15*9.04 -> 0 | AD15: 6 | AE15: =AE14 -> 448 | AF15: =IF((AE15=0),0,AD15/AE15) -> 0.013392857 | AG15: =AF15*9.04 -> 0.12107143 | AH15: 16 | AI15: =AI14 -> 400 | AJ15: =IF((AI15=0),0,AH15/AI15) -> 0.04 | AK15: =AJ15*9.04 -> 0.3616 | AL15: 10 | AM15: =AM14 -> 347 | AN15: =IF((AM15=0),0,AL15/AM15) -> 0.028818444 | AO15: =AN15*9.04 -> 0.26051873 | AP15: 7 | AQ15: =AQ14 -> 473 | AR15: =IF((AQ15=0),0,AP15/AQ15) -> 0.014799154 | AS15: =AR15*9.04 -> 0.13378436 | AT15: 14 | AU15: =AU14 -> 432 | AV15: =IF((AU15=0),0,AT15/AU15) -> 0.032407407 | AW15: =AV15*9.04 -> 0.29296296 | AX15: 13 | AY15: =AY14 -> 550 | AZ15: =IF((AY15=0),0,AX15/AY15) -> 0.023636364 | BA15: =AZ15*9.04 -> 0.21367273 | BB15: 24 | BC15: =BC14 -> 670 | BD15: =IF((BC15=0),0,BB15/BC15) -> 0.035820896 | BE15: =BD15*9.04 -> 0.3238209 | BF15: 7 | BG15: =BG14 -> 260 | BH15: =IF((BG15=0),0,BF15/BG15) -> 0.026923077 | BI15: =BH15*9.04 -> 0.24338462 | BJ15: 12 | BK15: =BK14 -> 711 | BL15: =IF((BK15=0),0,BJ15/BK15) -> 0.016877637 | BM15: =BL15*9.04 -> 0.15257384 | BN15: 25 | BO15: =BO14 -> 749 | BP15: =IF((BO15=0),0,BN15/BO15) -> 0.033377837 | BQ15: =BP15*9.04 -> 0.30173565 | BR15: 7 | BS15: =BS14 -> 192 | BT15: =IF((BS15=0),0,BR15/BS15) -> 0.036458333 | BU15: =BT15*9.04 -> 0.32958333 | BV15: 10 | BW15: =BW14 -> 560 | BX15: =IF((BW15=0),0,BV15/BW15) -> 0.017857143 | BY15: =BX15*9.04 -> 0.16142857 | BZ15: 19 | CA15: =CA14 -> 804 | CB15: =IF((CA15=0),0,BZ15/CA15) -> 0.023631841 | CC15: =CB15*9.04 -> 0.21363184 | CD15: 3 | CE15: =CE14 -> 821 | CF15: =IF((CE15=0),0,CD15/CE15) -> 0.0036540804 | CG15: =CF15*9.04 -> 0.033032887 | CH15: 0 | CI15: =CI14 -> 0 | CJ15: =IF((CI15=0),0,CH15/CI15) -> 0 | CK15: =CJ15*9.04 -> 0 | CL15: 16 | CM15: =CM14 -> 635 | CN15: =IF((CM15=0),0,CL15/CM15) -> 0.02519685 | CO15: =CN15*9.04 -> 0.22777953 | CP15: 5 | CQ15: =CQ14 -> 271 | CR15: =IF((CQ15=0),0,CP15/CQ15) -> 0.018450185 | CS15: =CR15*9.04 -> 0.16678967 | CT15: 14 | CU15: =CU14 -> 150 | CV15: =IF((CU15=0),0,CT15/CU15) -> 0.093333333 | CW15: =CV15*9.04 -> 0.84373333 | CX15: 6 | CY15: =CY14 -> 130 | CZ15: =IF((CY15=0),0,CX15/CY15) -> 0.046153846 | DA15: =CZ15*9.04 -> 0.41723077 | DB15: 4 | DC15: =DC14 -> 442 | DD15: =IF((DC15=0),0,DB15/DC15) -> 0.0090497738 | DE15: =DD15*9.04 -> 0.081809955 | DF15: 10 | DG15: =DG14 -> 550 | DH15: =IF((DG15=0),0,DF15/DG15) -> 0.018181818 | DI15: =DH15*9.04 -> 0.16436364 | DJ15: 9 | DK15: =DK14 -> 130 | DL15: =IF((DK15=0),0,DJ15/DK15) -> 0.069230769 | DM15: =DL15*9.04 -> 0.62584615 | DN15: 10 | DO15: =DO14 -> 740 | DP15: =IF((DO15=0),0,DN15/DO15) -> 0.013513514 | DQ15: =DP15*9.04 -> 0.12216216 | DR15: 18 | DS15: =DS14 -> 340 | DT15: =IF((DS15=0),0,DR15/DS15) -> 0.052941176 | DU15: =DT15*9.04 -> 0.47858824 | DW15: =DW14 -> 0 | DX15: =IF((DW15=0),0,DV15/DW15) -> 0 | DY15: =DX15*9.04 -> 0 | DZ15: =F15+J15+N15+R15+V15+Z15+AD15+AH15+AL15+AP15+AT15+AX15+BB15+BF15+BJ15+BN15+BR15+BV15+BZ15+CD15+CH15+CL15+CP15+CT15+CX15+DB15+DF15+DJ15+DN15+DR15+DV15 -> 313 | EA15: =G15+K15+O15+S15+W15+AA15+AI15+AM15+AQ15+AU15+AY15+BC15+BG15+BK15+BO15+BS15+BW15+CA15+CE15+CI15+CM15+CQ15+CU15+CY15+DC15+DG15+DK15+DO15+DS15+DW15 -> 12230 | EB15: =IF((EA15=0),0,DZ15/EA15) -> 0.025592805 | EC15: =EB15*9.04 -> 0.23135895
C16: 26 | D16: SHAFT ROBO 891 | F16: 0 | G16: =G15 -> 0 | H16: =IF((G16=0),0,F16/G16) -> 0 | I16: =H16*9.04 -> 0 | J16: 0 | K16: =K15 -> 623 | L16: =IF((K16=0),0,J16/K16) -> 0 | M16: =L16*9.04 -> 0 | N16: 0 | O16: =O15 -> 370 | P16: =IF((O16=0),0,N16/O16) -> 0 | Q16: =P16*9.04 -> 0 | R16: 5 | S16: =S15 -> 580 | T16: =IF((S16=0),0,R16/S16) -> 0.0086206897 | U16: =T16*9.04 -> 0.077931034 | V16: 8 | W16: =W15 -> 300 | X16: =IF((W16=0),0,V16/W16) -> 0.026666667 | Y16: =X16*9.04 -> 0.24106667 | Z16: 0 | AA16: =AA15 -> 0 | AB16: =IF((AA16=0),0,Z16/AA16) -> 0 | AC16: =AB16*9.04 -> 0 | AD16: 0 | AE16: =AE15 -> 448 | AF16: =IF((AE16=0),0,AD16/AE16) -> 0 | AG16: =AF16*9.04 -> 0 | AH16: 0 | AI16: =AI15 -> 400 | AJ16: =IF((AI16=0),0,AH16/AI16) -> 0 | AK16: =AJ16*9.04 -> 0 | AL16: 5 | AM16: =AM15 -> 347 | AN16: =IF((AM16=0),0,AL16/AM16) -> 0.014409222 | AO16: =AN16*9.04 -> 0.13025937 | AP16: 8 | AQ16: =AQ15 -> 473 | AR16: =IF((AQ16=0),0,AP16/AQ16) -> 0.016913319 | AS16: =AR16*9.04 -> 0.15289641 | AT16: 8 | AU16: =AU15 -> 432 | AV16: =IF((AU16=0),0,AT16/AU16) -> 0.018518519 | AW16: =AV16*9.04 -> 0.16740741 | AX16: 0 | AY16: =AY15 -> 550 | AZ16: =IF((AY16=0),0,AX16/AY16) -> 0 | BA16: =AZ16*9.04 -> 0 | BB16: 16 | BC16: =BC15 -> 670 | BD16: =IF((BC16=0),0,BB16/BC16) -> 0.023880597 | BE16: =BD16*9.04 -> 0.2158806 | BF16: 2 | BG16: =BG15 -> 260 | BH16: =IF((BG16=0),0,BF16/BG16) -> 0.0076923077 | BI16: =BH16*9.04 -> 0.069538462 | BJ16: 9 | BK16: =BK15 -> 711 | BL16: =IF((BK16=0),0,BJ16/BK16) -> 0.012658228 | BM16: =BL16*9.04 -> 0.11443038 | BN16: 8 | BO16: =BO15 -> 749 | BP16: =IF((BO16=0),0,BN16/BO16) -> 0.010680908 | BQ16: =BP16*9.04 -> 0.096555407 | BR16: 7 | BS16: =BS15 -> 192 | BT16: =IF((BS16=0),0,BR16/BS16) -> 0.036458333 | BU16: =BT16*9.04 -> 0.32958333 | BV16: 8 | BW16: =BW15 -> 560 | BX16: =IF((BW16=0),0,BV16/BW16) -> 0.014285714 | BY16: =BX16*9.04 -> 0.12914286 | BZ16: 8 | CA16: =CA15 -> 804 | CB16: =IF((CA16=0),0,BZ16/CA16) -> 0.0099502488 | CC16: =CB16*9.04 -> 0.089950249 | CD16: 8 | CE16: =CE15 -> 821 | CF16: =IF((CE16=0),0,CD16/CE16) -> 0.0097442144 | CG16: =CF16*9.04 -> 0.088087698 | CH16: 0 | CI16: =CI15 -> 0 | CJ16: =IF((CI16=0),0,CH16/CI16) -> 0 | CK16: =CJ16*9.04 -> 0 | CL16: 7 | CM16: =CM15 -> 635 | CN16: =IF((CM16=0),0,CL16/CM16) -> 0.011023622 | CO16: =CN16*9.04 -> 0.099653543 | CP16: 8 | CQ16: =CQ15 -> 271 | CR16: =IF((CQ16=0),0,CP16/CQ16) -> 0.029520295 | CS16: =CR16*9.04 -> 0.26686347 | CT16: 8 | CU16: =CU15 -> 150 | CV16: =IF((CU16=0),0,CT16/CU16) -> 0.053333333 | CW16: =CV16*9.04 -> 0.48213333 | CX16: 7 | CY16: =CY15 -> 130 | CZ16: =IF((CY16=0),0,CX16/CY16) -> 0.053846154 | DA16: =CZ16*9.04 -> 0.48676923 | DB16: 8 | DC16: =DC15 -> 442 | DD16: =IF((DC16=0),0,DB16/DC16) -> 0.018099548 | DE16: =DD16*9.04 -> 0.16361991 | DF16: 8 | DG16: =DG15 -> 550 | DH16: =IF((DG16=0),0,DF16/DG16) -> 0.014545455 | DI16: =DH16*9.04 -> 0.13149091 | DJ16: 2 | DK16: =DK15 -> 130 | DL16: =IF((DK16=0),0,DJ16/DK16) -> 0.015384615 | DM16: =DL16*9.04 -> 0.13907692 | DN16: 8 | DO16: =DO15 -> 740 | DP16: =IF((DO16=0),0,DN16/DO16) -> 0.010810811 | DQ16: =DP16*9.04 -> 0.09772973 | DR16: 13 | DS16: =DS15 -> 340 | DT16: =IF((DS16=0),0,DR16/DS16) -> 0.038235294 | DU16: =DT16*9.04 -> 0.34564706 | DW16: =DW15 -> 0 | DX16: =IF((DW16=0),0,DV16/DW16) -> 0 | DY16: =DX16*9.04 -> 0 | DZ16: =F16+J16+N16+R16+V16+Z16+AD16+AH16+AL16+AP16+AT16+AX16+BB16+BF16+BJ16+BN16+BR16+BV16+BZ16+CD16+CH16+CL16+CP16+CT16+CX16+DB16+DF16+DJ16+DN16+DR16+DV16 -> 169 | EA16: =G16+K16+O16+S16+W16+AA16+AI16+AM16+AQ16+AU16+AY16+BC16+BG16+BK16+BO16+BS16+BW16+CA16+CE16+CI16+CM16+CQ16+CU16+CY16+DC16+DG16+DK16+DO16+DS16+DW16 -> 12230 | EB16: =IF((EA16=0),0,DZ16/EA16) -> 0.013818479 | EC16: =EB16*9.04 -> 0.12491905
C17: 27 | D17: SHAFT MPI | F17: 0 | G17: =G16 -> 0 | H17: =IF((G17=0),0,F17/G17) -> 0 | I17: =H17*9.04 -> 0 | J17: 16 | K17: =K16 -> 623 | L17: =IF((K17=0),0,J17/K17) -> 0.025682183 | M17: =L17*9.04 -> 0.23216693 | N17: 13 | O17: =O16 -> 370 | P17: =IF((O17=0),0,N17/O17) -> 0.035135135 | Q17: =P17*9.04 -> 0.31762162 | R17: 19 | S17: =S16 -> 580 | T17: =IF((S17=0),0,R17/S17) -> 0.032758621 | U17: =T17*9.04 -> 0.29613793 | V17: 21 | W17: =W16 -> 300 | X17: =IF((W17=0),0,V17/W17) -> 0.07 | Y17: =X17*9.04 -> 0.6328 | Z17: 0 | AA17: =AA16 -> 0 | AB17: =IF((AA17=0),0,Z17/AA17) -> 0 | AC17: =AB17*9.04 -> 0 | AD17: 3 | AE17: =AE16 -> 448 | AF17: =IF((AE17=0),0,AD17/AE17) -> 0.0066964286 | AG17: =AF17*9.04 -> 0.060535714 | AH17: 9 | AI17: =AI16 -> 400 | AJ17: =IF((AI17=0),0,AH17/AI17) -> 0.0225 | AK17: =AJ17*9.04 -> 0.2034 | AL17: 11 | AM17: =AM16 -> 347 | AN17: =IF((AM17=0),0,AL17/AM17) -> 0.031700288 | AO17: =AN17*9.04 -> 0.28657061 | AP17: 16 | AQ17: =AQ16 -> 473 | AR17: =IF((AQ17=0),0,AP17/AQ17) -> 0.033826638 | AS17: =AR17*9.04 -> 0.30579281 | AT17: 12 | AU17: =AU16 -> 432 | AV17: =IF((AU17=0),0,AT17/AU17) -> 0.027777778 | AW17: =AV17*9.04 -> 0.25111111 | AX17: 6 | AY17: =AY16 -> 550 | AZ17: =IF((AY17=0),0,AX17/AY17) -> 0.010909091 | BA17: =AZ17*9.04 -> 0.098618182 | BB17: 15 | BC17: =BC16 -> 670 | BD17: =IF((BC17=0),0,BB17/BC17) -> 0.02238806 | BE17: =BD17*9.04 -> 0.20238806 | BF17: 10 | BG17: =BG16 -> 260 | BH17: =IF((BG17=0),0,BF17/BG17) -> 0.038461538 | BI17: =BH17*9.04 -> 0.34769231 | BJ17: 8 | BK17: =BK16 -> 711 | BL17: =IF((BK17=0),0,BJ17/BK17) -> 0.011251758 | BM17: =BL17*9.04 -> 0.10171589 | BN17: 18 | BO17: =BO16 -> 749 | BP17: =IF((BO17=0),0,BN17/BO17) -> 0.024032043 | BQ17: =BP17*9.04 -> 0.21724967 | BR17: 23 | BS17: =BS16 -> 192 | BT17: =IF((BS17=0),0,BR17/BS17) -> 0.11979167 | BU17: =BT17*9.04 -> 1.0829167 | BV17: 14 | BW17: =BW16 -> 560 | BX17: =IF((BW17=0),0,BV17/BW17) -> 0.025 | BY17: =BX17*9.04 -> 0.226 | BZ17: 13 | CA17: =CA16 -> 804 | CB17: =IF((CA17=0),0,BZ17/CA17) -> 0.016169154 | CC17: =CB17*9.04 -> 0.14616915 | CD17: 22 | CE17: =CE16 -> 821 | CF17: =IF((CE17=0),0,CD17/CE17) -> 0.02679659 | CG17: =CF17*9.04 -> 0.24224117 | CH17: 1 | CI17: =CI16 -> 0 | CJ17: =IF((CI17=0),0,CH17/CI17) -> 0 | CK17: =CJ17*9.04 -> 0 | CL17: 14 | CM17: =CM16 -> 635 | CN17: =IF((CM17=0),0,CL17/CM17) -> 0.022047244 | CO17: =CN17*9.04 -> 0.19930709 | CP17: 9 | CQ17: =CQ16 -> 271 | CR17: =IF((CQ17=0),0,CP17/CQ17) -> 0.033210332 | CS17: =CR17*9.04 -> 0.3002214 | CT17: 24 | CU17: =CU16 -> 150 | CV17: =IF((CU17=0),0,CT17/CU17) -> 0.16 | CW17: =CV17*9.04 -> 1.4464 | CX17: 13 | CY17: =CY16 -> 130 | CZ17: =IF((CY17=0),0,CX17/CY17) -> 0.1 | DA17: =CZ17*9.04 -> 0.904 | DB17: 13 | DC17: =DC16 -> 442 | DD17: =IF((DC17=0),0,DB17/DC17) -> 0.029411765 | DE17: =DD17*9.04 -> 0.26588235 | DF17: 13 | DG17: =DG16 -> 550 | DH17: =IF((DG17=0),0,DF17/DG17) -> 0.023636364 | DI17: =DH17*9.04 -> 0.21367273 | DJ17: 10 | DK17: =DK16 -> 130 | DL17: =IF((DK17=0),0,DJ17/DK17) -> 0.076923077 | DM17: =DL17*9.04 -> 0.69538462 | DN17: 15 | DO17: =DO16 -> 740 | DP17: =IF((DO17=0),0,DN17/DO17) -> 0.02027027 | DQ17: =DP17*9.04 -> 0.18324324 | DR17: 8 | DS17: =DS16 -> 340 | DT17: =IF((DS17=0),0,DR17/DS17) -> 0.023529412 | DU17: =DT17*9.04 -> 0.21270588 | DW17: =DW16 -> 0 | DX17: =IF((DW17=0),0,DV17/DW17) -> 0 | DY17: =DX17*9.04 -> 0 | DZ17: =F17+J17+N17+R17+V17+Z17+AD17+AH17+AL17+AP17+AT17+AX17+BB17+BF17+BJ17+BN17+BR17+BV17+BZ17+CD17+CH17+CL17+CP17+CT17+CX17+DB17+DF17+DJ17+DN17+DR17+DV17 -> 369 | EA17: =G17+K17+O17+S17+W17+AA17+AI17+AM17+AQ17+AU17+AY17+BC17+BG17+BK17+BO17+BS17+BW17+CA17+CE17+CI17+CM17+CQ17+CU17+CY17+DC17+DG17+DK17+DO17+DS17+DW17 -> 12230 | EB17: =IF((EA17=0),0,DZ17/EA17) -> 0.030171709 | EC17: =EB17*9.04 -> 0.27275225
C18: 9 | D18: LT ROOM SHAFT EFD | F18: 9 | G18: ='Production data'!B6 -> 0 | H18: =IF((G18=0),0,F18/G18) -> 0 | I18: =H18*9.04 -> 0 | J18: 413 | K18: ='Production data'!C6 -> 1028 | L18: =IF((K18=0),0,J18/K18) -> 0.40175097 | M18: =L18*9.04 -> 3.6318288 | N18: 272 | O18: ='Production data'!D6 -> 672 | P18: =IF((O18=0),0,N18/O18) -> 0.4047619 | Q18: =P18*9.04 -> 3.6590476 | R18: 284 | S18: ='Production data'!E6 -> 796 | T18: =IF((S18=0),0,R18/S18) -> 0.35678392 | U18: =T18*9.04 -> 3.2253266 | V18: 245 | W18: ='Production data'!F6 -> 646 | X18: =IF((W18=0),0,V18/W18) -> 0.37925697 | Y18: =X18*9.04 -> 3.428483 | Z18: 52 | AA18: ='Production data'!G6 -> 0 | AB18: =IF((AA18=0),0,Z18/AA18) -> 0 | AC18: =AB18*9.04 -> 0 | AD18: 156 | AE18: ='Production data'!H6 -> 504 | AF18: =IF((AE18=0),0,AD18/AE18) -> 0.30952381 | AG18: =AF18*9.04 -> 2.7980952 | AH18: 364 | AI18: ='Production data'!I6 -> 726 | AJ18: =IF((AI18=0),0,AH18/AI18) -> 0.50137741 | AK18: =AJ18*9.04 -> 4.5324518 | AL18: 333 | AM18: ='Production data'!J6 -> 796 | AN18: =IF((AM18=0),0,AL18/AM18) -> 0.41834171 | AO18: =AN18*9.04 -> 3.781809 | AP18: 191 | AQ18: ='Production data'!K6 -> 472 | AR18: =IF((AQ18=0),0,AP18/AQ18) -> 0.40466102 | AS18: =AR18*9.04 -> 3.6581356 | AT18: 275 | AU18: ='Production data'!L6 -> 554 | AV18: =IF((AU18=0),0,AT18/AU18) -> 0.49638989 | AW18: =AV18*9.04 -> 4.4873646 | AX18: 176 | AY18: ='Production data'!M6 -> 392 | AZ18: =IF((AY18=0),0,AX18/AY18) -> 0.44897959 | BA18: =AZ18*9.04 -> 4.0587755 | BB18: 473 | BC18: ='Production data'!N6 -> 1202 | BD18: =IF((BC18=0),0,BB18/BC18) -> 0.39351082 | BE18: =BD18*9.04 -> 3.5573378 | BF18: 164 | BG18: ='Production data'!O6 -> 366 | BH18: =IF((BG18=0),0,BF18/BG18) -> 0.44808743 | BI18: =BH18*9.04 -> 4.0507104 | BJ18: 242 | BK18: ='Production data'!P6 -> 541 | BL18: =IF((BK18=0),0,BJ18/BK18) -> 0.44731978 | BM18: =BL18*9.04 -> 4.0437708 | BN18: 459 | BO18: ='Production data'!Q6 -> 1123 | BP18: =IF((BO18=0),0,BN18/BO18) -> 0.40872663 | BQ18: =BP18*9.04 -> 3.6948887 | BR18: 343 | BS18: ='Production data'!R6 -> 652 | BT18: =IF((BS18=0),0,BR18/BS18) -> 0.52607362 | BU18: =BT18*9.04 -> 4.7557055 | BV18: 387 | BW18: ='Production data'!S6 -> 1002 | BX18: =IF((BW18=0),0,BV18/BW18) -> 0.38622754 | BY18: =BX18*9.04 -> 3.491497 | BZ18: 448 | CA18: ='Production data'!T6 -> 1092 | CB18: =IF((CA18=0),0,BZ18/CA18) -> 0.41025641 | CC18: =CB18*9.04 -> 3.7087179 | CD18: 187 | CE18: ='Production data'!U6 -> 462 | CF18: =IF((CE18=0),0,CD18/CE18) -> 0.4047619 | CG18: =CF18*9.04 -> 3.6590476 | CH18: 3 | CI18: ='Production data'!V6 -> 0 | CJ18: =IF((CI18=0),0,CH18/CI18) -> 0 | CK18: =CJ18*9.04 -> 0 | CL18: 428 | CM18: ='Production data'!W6 -> 1068 | CN18: =IF((CM18=0),0,CL18/CM18) -> 0.40074906 | CO18: =CN18*9.04 -> 3.6227715 | CP18: 315 | CQ18: ='Production data'!X6 -> 487 | CR18: =IF((CQ18=0),0,CP18/CQ18) -> 0.64681725 | CS18: =CR18*9.04 -> 5.8472279 | CT18: 532 | CU18: ='Production data'!Y6 -> 1376 | CV18: =IF((CU18=0),0,CT18/CU18) -> 0.38662791 | CW18: =CV18*9.04 -> 3.4951163 | CX18: 250 | CY18: ='Production data'!Z6 -> 576 | CZ18: =IF((CY18=0),0,CX18/CY18) -> 0.43402778 | DA18: =CZ18*9.04 -> 3.9236111 | DB18: 232 | DC18: ='Production data'!AA6 -> 622 | DD18: =IF((DC18=0),0,DB18/DC18) -> 0.37299035 | DE18: =DD18*9.04 -> 3.3718328 | DF18: 315 | DG18: ='Production data'!AB6 -> 710 | DH18: =IF((DG18=0),0,DF18/DG18) -> 0.44366197 | DI18: =DH18*9.04 -> 4.0107042 | DJ18: 200 | DK18: ='Production data'!AC6 -> 1022 | DL18: =IF((DK18=0),0,DJ18/DK18) -> 0.19569472 | DM18: =DL18*9.04 -> 1.7690802 | DN18: 486 | DO18: ='Production data'!AD6 -> 599 | DP18: =IF((DO18=0),0,DN18/DO18) -> 0.81135225 | DQ18: =DP18*9.04 -> 7.3346244 | DR18: 299 | DS18: ='Production data'!AE6 -> 774 | DT18: =IF((DS18=0),0,DR18/DS18) -> 0.38630491 | DU18: =DT18*9.04 -> 3.4921964 | DW18: ='Production data'!AF6 -> 0 | DX18: =IF((DW18=0),0,DV18/DW18) -> 0 | DY18: =DX18*9.04 -> 0 | DZ18: =F18+J18+N18+R18+V18+Z18+AD18+AH18+AL18+AP18+AT18+AX18+BB18+BF18+BJ18+BN18+BR18+BV18+BZ18+CD18+CH18+CL18+CP18+CT18+CX18+DB18+DF18+DJ18+DN18+DR18+DV18 -> 8533 | EA18: =G18+K18+O18+S18+W18+AA18+AI18+AM18+AQ18+AU18+AY18+BC18+BG18+BK18+BO18+BS18+BW18+CA18+CE18+CI18+CM18+CQ18+CU18+CY18+DC18+DG18+DK18+DO18+DS18+DW18 -> 19756 | EB18: =IF((EA18=0),0,DZ18/EA18) -> 0.43191942 | EC18: =EB18*9.04 -> 3.9045515
D19: Total Shaft | F19: =SUM(F11:F18)+F4 -> 12 | G19: =SUM(G11:G18)+G4 -> 0 | H19: =SUM(H11:H18)+H4 -> 0 | I19: =SUM(I11:I18)+I4 -> 0 | J19: =SUM(J11:J18)+J4 -> 1001 | K19: =SUM(K11:K18)+K4 -> 6743 | L19: =SUM(L11:L18)+L4 -> 1.1574796 | M19: =SUM(M11:M18)+M4 -> 10.463616 | ... EC19: =SUM(EC11:EC18)+EC4 -> 9.3486457
D20: SPIDER GANTRY | E20: Spider Line | F20: 0 | G20: ='Production data'!B7 -> 0 | H20: =IF((G20=0),0,F20/G20) -> 0 | I20: =H20*9.04 -> 0 | J20: 13 | K20: ='Production data'!C7 -> 690 | L20: =IF((K20=0),0,J20/K20) -> 0.01884058 | M20: =L20*9.04 -> 0.17031884 | N20: 11 | O20: ='Production data'!D7 -> 805 | P20: =IF((O20=0),0,N20/O20) -> 0.013664596 | Q20: =P20*9.04 -> 0.12352795 | R20: 13 | S20: ='Production data'!E7 -> 700 | T20: =IF((S20=0),0,R20/S20) -> 0.018571429 | U20: =T20*9.04 -> 0.16788571 | V20: 13 | W20: ='Production data'!F7 -> 756 | X20: =IF((W20=0),0,V20/W20) -> 0.017195767 | Y20: =X20*9.04 -> 0.15544974 | Z20: 0 | AA20: ='Production data'!G7 -> 0 | AB20: =IF((AA20=0),0,Z20/AA20) -> 0 | AC20: =AB20*9.04 -> 0 | AD20: 11 | AE20: ='Production data'!H7 -> 756 | AF20: =IF((AE20=0),0,AD20/AE20) -> 0.014550265 | AG20: =AF20*9.04 -> 0.13153439 | AH20: 12 | AI20: ='Production data'!I7 -> 743 | AJ20: =IF((AI20=0),0,AH20/AI20) -> 0.01615074 | AK20: =AJ20*9.04 -> 0.14600269 | AL20: 13 | AM20: ='Production data'!J7 -> 770 | AN20: =IF((AM20=0),0,AL20/AM20) -> 0.016883117 | AO20: =AN20*9.04 -> 0.15262338 | AP20: 12 | AQ20: ='Production data'!K7 -> 761 | AR20: =IF((AQ20=0),0,AP20/AQ20) -> 0.015768725 | AS20: =AR20*9.04 -> 0.14254928 | AT20: 12 | AU20: ='Production data'!L7 -> 847 | AV20: =IF((AU20=0),0,AT20/AU20) -> 0.014167651 | AW20: =AV20*9.04 -> 0.12807556 | AX20: 12 | AY20: ='Production data'!M7 -> 789 | AZ20: =IF((AY20=0),0,AX20/AY20) -> 0.015209125 | BA20: =AZ20*9.04 -> 0.13749049 | BB20: 12 | BC20: ='Production data'!N7 -> 803 | BD20: =IF((BC20=0),0,BB20/BC20) -> 0.01494396 | BE20: =BD20*9.04 -> 0.1350934 | BF20: 6 | BG20: ='Production data'!O7 -> 0 | BH20: =IF((BG20=0),0,BF20/BG20) -> 0 | BI20: =BH20*9.04 -> 0 | BJ20: 13 | BK20: ='Production data'!P7 -> 783 | BL20: =IF((BK20=0),0,BJ20/BK20) -> 0.01660281 | BM20: =BL20*9.04 -> 0.1500894 | BN20: 13 | BO20: ='Production data'!Q7 -> 814 | BP20: =IF((BO20=0),0,BN20/BO20) -> 0.015970516 | BQ20: =BP20*9.04 -> 0.14437346 | BR20: 14 | BS20: ='Production data'!R7 -> 755 | BT20: =IF((BS20=0),0,BR20/BS20) -> 0.018543046 | BU20: =BT20*9.04 -> 0.16762914 | BV20: 14 | BW20: ='Production data'!S7 -> 857 | BX20: =IF((BW20=0),0,BV20/BW20) -> 0.016336056 | BY20: =BX20*9.04 -> 0.14767795 | BZ20: 15 | CA20: ='Production data'!T7 -> 777 | CB20: =IF((CA20=0),0,BZ20/CA20) -> 0.019305019 | CC20: =CB20*9.04 -> 0.17451737 | CD20: 15 | CE20: ='Production data'!U7 -> 651 | CF20: =IF((CE20=0),0,CD20/CE20) -> 0.023041475 | CG20: =CF20*9.04 -> 0.20829493 | CH20: 1 | CI20: ='Production data'!V7 -> 0 | CJ20: =IF((CI20=0),0,CH20/CI20) -> 0 | CK20: =CJ20*9.04 -> 0 | CL20: 15 | CM20: ='Production data'!W7 -> 651 | CN20: =IF((CM20=0),0,CL20/CM20) -> 0.023041475 | CO20: =CN20*9.04 -> 0.20829493 | CP20: 14 | CQ20: ='Production data'!X7 -> 676 | CR20: =IF((CQ20=0),0,CP20/CQ20) -> 0.020710059 | CS20: =CR20*9.04 -> 0.18721893 | CT20: 15 | CU20: ='Production data'!Y7 -> 798 | CV20: =IF((CU20=0),0,CT20/CU20) -> 0.018796992 | CW20: =CV20*9.04 -> 0.16992481 | CX20: 15 | CY20: ='Production data'!Z7 -> 620 | CZ20: =IF((CY20=0),0,CX20/CY20) -> 0.024193548 | DA20: =CZ20*9.04 -> 0.21870968 | DB20: 14 | DC20: ='Production data'!AA7 -> 710 | DD20: =IF((DC20=0),0,DB20/DC20) -> 0.01971831 | DE20: =DD20*9.04 -> 0.17825352 | DF20: 15 | DG20: ='Production data'!AB7 -> 482 | DH20: =IF((DG20=0),0,DF20/DG20) -> 0.031120332 | DI20: =DH20*9.04 -> 0.2813278 | DJ20: 9 | DK20: ='Production data'!AC7 -> 0 | DL20: =IF((DK20=0),0,DJ20/DK20) -> 0 | DM20: =DL20*9.04 -> 0 | DN20: 16 | DO20: ='Production data'!AD7 -> 620 | DP20: =IF((DO20=0),0,DN20/DO20) -> 0.025806452 | DQ20: =DP20*9.04 -> 0.23329032 | DR20: 14 | DS20: ='Production data'!AE7 -> 300 | DT20: =IF((DS20=0),0,DR20/DS20) -> 0.046666667 | DU20: =DT20*9.04 -> 0.42186667 | DW20: ='Production data'!AF7 -> 0 | DX20: =IF((DW20=0),0,DV20/DW20) -> 0 | DY20: =DX20*9.04 -> 0 | DZ20: =F20+J20+N20+R20+V20+Z20+AD20+AH20+AL20+AP20+AT20+AX20+BB20+BF20+BJ20+BN20+BR20+BV20+BZ20+CD20+CH20+CL20+CP20+CT20+CX20+DB20+DF20+DJ20+DN20+DR20+DV20 -> 352 | EA20: =G20+K20+O20+S20+W20+AA20+AI20+AM20+AQ20+AU20+AY20+BC20+BG20+BK20+BO20+BS20+BW20+CA20+CE20+CI20+CM20+CQ20+CU20+CY20+DC20+DG20+DK20+DO20+DS20+DW20 -> 17158 | EB20: =IF((EA20=0),0,DZ20/EA20) -> 0.020515212 | EC20: =EB20*9.04 -> 0.18545751
C21: 31 | D21: SPIDER TURNING TT | F21: 0 | G21: =G20 -> 0 | H21: =IF((G21=0),0,F21/G21) -> 0 | I21: =H21*9.04 -> 0 | J21: 127 | K21: =K20 -> 690 | L21: =IF((K21=0),0,J21/K21) -> 0.18405797 | M21: =L21*9.04 -> 1.6638841 | N21: 124 | O21: =O20 -> 805 | P21: =IF((O21=0),0,N21/O21) -> 0.15403727 | Q21: =P21*9.04 -> 1.3924969 | R21: 138 | S21: =S20 -> 700 | T21: =IF((S21=0),0,R21/S21) -> 0.19714286 | U21: =T21*9.04 -> 1.7821714 | V21: 133 | W21: =W20 -> 756 | X21: =IF((W21=0),0,V21/W21) -> 0.17592593 | Y21: =X21*9.04 -> 1.5903704 | Z21: 2 | AA21: =AA20 -> 0 | AB21: =IF((AA21=0),0,Z21/AA21) -> 0 | AC21: =AB21*9.04 -> 0 | AD21: 127 | AE21: =AE20 -> 756 | AF21: =IF((AE21=0),0,AD21/AE21) -> 0.16798942 | AG21: =AF21*9.04 -> 1.5186243 | AH21: 134 | AI21: =AI20 -> 743 | AJ21: =IF((AI21=0),0,AH21/AI21) -> 0.18034993 | AK21: =AJ21*9.04 -> 1.6303634 | AL21: 137 | AM21: =AM20 -> 770 | AN21: =IF((AM21=0),0,AL21/AM21) -> 0.17792208 | AO21: =AN21*9.04 -> 1.6084156 | AP21: 146 | AQ21: =AQ20 -> 761 | AR21: =IF((AQ21=0),0,AP21/AQ21) -> 0.19185283 | AS21: =AR21*9.04 -> 1.7343495 | AT21: 145 | AU21: =AU20 -> 847 | AV21: =IF((AU21=0),0,AT21/AU21) -> 0.17119244 | AW21: =AV21*9.04 -> 1.5475797 | AX21: 136 | AY21: =AY20 -> 789 | AZ21: =IF((AY21=0),0,AX21/AY21) -> 0.17237009 | BA21: =AZ21*9.04 -> 1.5582256 | BB21: 146 | BC21: =BC20 -> 803 | BD21: =IF((BC21=0),0,BB21/BC21) -> 0.18181818 | BE21: =BD21*9.04 -> 1.6436364 | BF21: 3 | BG21: =BG20 -> 0 | BH21: =IF((BG21=0),0,BF21/BG21) -> 0 | BI21: =BH21*9.04 -> 0 | BJ21: 141 | BK21: =BK20 -> 783 | BL21: =IF((BK21=0),0,BJ21/BK21) -> 0.18007663 | BM21: =BL21*9.04 -> 1.6278927 | BN21: 143 | BO21: =BO20 -> 814 | BP21: =IF((BO21=0),0,BN21/BO21) -> 0.17567568 | BQ21: =BP21*9.04 -> 1.5881081 | BR21: 140 | BS21: =BS20 -> 755 | BT21: =IF((BS21=0),0,BR21/BS21) -> 0.18543046 | BU21: =BT21*9.04 -> 1.6762914 | BV21: 138 | BW21: =BW20 -> 857 | BX21: =IF((BW21=0),0,BV21/BW21) -> 0.16102684 | BY21: =BX21*9.04 -> 1.4556826 | BZ21: 122 | CA21: =CA20 -> 777 | CB21: =IF((CA21=0),0,BZ21/CA21) -> 0.15701416 | CC21: =CB21*9.04 -> 1.419408 | CD21: 122 | CE21: =CE20 -> 651 | CF21: =IF((CE21=0),0,CD21/CE21) -> 0.18740399 | CG21: =CF21*9.04 -> 1.6941321 | CH21: 5 | CI21: =CI20 -> 0 | CJ21: =IF((CI21=0),0,CH21/CI21) -> 0 | CK21: =CJ21*9.04 -> 0 | CL21: 128 | CM21: =CM20 -> 651 | CN21: =IF((CM21=0),0,CL21/CM21) -> 0.19662058 | CO21: =CN21*9.04 -> 1.7774501 | CP21: 107 | CQ21: =CQ20 -> 676 | CR21: =IF((CQ21=0),0,CP21/CQ21) -> 0.15828402 | CS21: =CR21*9.04 -> 1.4308876 | CT21: 127 | CU21: =CU20 -> 798 | CV21: =IF((CU21=0),0,CT21/CU21) -> 0.15914787 | CW21: =CV21*9.04 -> 1.4386967 | CX21: 102 | CY21: =CY20 -> 620 | CZ21: =IF((CY21=0),0,CX21/CY21) -> 0.16451613 | DA21: =CZ21*9.04 -> 1.4872258 | DB21: 118 | DC21: =DC20 -> 710 | DD21: =IF((DC21=0),0,DB21/DC21) -> 0.16619718 | DE21: =DD21*9.04 -> 1.5024225 | DF21: 85 | DG21: =DG20 -> 482 | DH21: =IF((DG21=0),0,DF21/DG21) -> 0.17634855 | DI21: =DH21*9.04 -> 1.5941909 | DJ21: 58 | DK21: =DK20 -> 0 | DL21: =IF((DK21=0),0,DJ21/DK21) -> 0 | DM21: =DL21*9.04 -> 0 | DN21: 82 | DO21: =DO20 -> 620 | DP21: =IF((DO21=0),0,DN21/DO21) -> 0.13225806 | DQ21: =DP21*9.04 -> 1.1956129 | DR21: 68 | DS21: =DS20 -> 300 | DT21: =IF((DS21=0),0,DR21/DS21) -> 0.22666667 | DU21: =DT21*9.04 -> 2.0490667 | DW21: =DW20 -> 0 | DX21: =IF((DW21=0),0,DV21/DW21) -> 0 | DY21: =DX21*9.04 -> 0 | DZ21: =F21+J21+N21+R21+V21+Z21+AD21+AH21+AL21+AP21+AT21+AX21+BB21+BF21+BJ21+BN21+BR21+BV21+BZ21+CD21+CH21+CL21+CP21+CT21+CX21+DB21+DF21+DJ21+DN21+DR21+DV21 -> 3184 | EA21: =G21+K21+O21+S21+W21+AA21+AI21+AM21+AQ21+AU21+AY21+BC21+BG21+BK21+BO21+BS21+BW21+CA21+CE21+CI21+CM21+CQ21+CU21+CY21+DC21+DG21+DK21+DO21+DS21+DW21 -> 17158 | EB21: =IF((EA21=0),0,DZ21/EA21) -> 0.18556941 | EC21: =EB21*9.04 -> 1.6775475
C22: 34 | D22: SPIDER TURNING SMARTER | F22: 0 | G22: =G21 -> 0 | H22: =IF((G22=0),0,F22/G22) -> 0 | I22: =H22*9.04 -> 0 | J22: 16 | K22: =K21 -> 690 | L22: =IF((K22=0),0,J22/K22) -> 0.023188406 | M22: =L22*9.04 -> 0.20962319 | N22: 12 | O22: =O21 -> 805 | P22: =IF((O22=0),0,N22/O22) -> 0.014906832 | Q22: =P22*9.04 -> 0.13475776 | R22: 15 | S22: =S21 -> 700 | T22: =IF((S22=0),0,R22/S22) -> 0.021428571 | U22: =T22*9.04 -> 0.19371429 | V22: 16 | W22: =W21 -> 756 | X22: =IF((W22=0),0,V22/W22) -> 0.021164021 | Y22: =X22*9.04 -> 0.19132275 | Z22: 1 | AA22: =AA21 -> 0 | AB22: =IF((AA22=0),0,Z22/AA22) -> 0 | AC22: =AB22*9.04 -> 0 | AD22: 15 | AE22: =AE21 -> 756 | AF22: =IF((AE22=0),0,AD22/AE22) -> 0.01984127 | AG22: =AF22*9.04 -> 0.17936508 | AH22: 16 | AI22: =AI21 -> 743 | AJ22: =IF((AI22=0),0,AH22/AI22) -> 0.02153432 | AK22: =AJ22*9.04 -> 0.19467026 | AL22: 15 | AM22: =AM21 -> 770 | AN22: =IF((AM22=0),0,AL22/AM22) -> 0.019480519 | AO22: =AN22*9.04 -> 0.1761039 | AP22: 9 | AQ22: =AQ21 -> 761 | AR22: =IF((AQ22=0),0,AP22/AQ22) -> 0.011826544 | AS22: =AR22*9.04 -> 0.10691196 | AT22: 11 | AU22: =AU21 -> 847 | AV22: =IF((AU22=0),0,AT22/AU22) -> 0.012987013 | AW22: =AV22*9.04 -> 0.1174026 | AX22: 15 | AY22: =AY21 -> 789 | AZ22: =IF((AY22=0),0,AX22/AY22) -> 0.019011407 | BA22: =AZ22*9.04 -> 0.17186312 | BB22: 12 | BC22: =BC21 -> 803 | BD22: =IF((BC22=0),0,BB22/BC22) -> 0.01494396 | BE22: =BD22*9.04 -> 0.1350934 | BF22: 1 | BG22: =BG21 -> 0 | BH22: =IF((BG22=0),0,BF22/BG22) -> 0 | BI22: =BH22*9.04 -> 0 | BJ22: 15 | BK22: =BK21 -> 783 | BL22: =IF((BK22=0),0,BJ22/BK22) -> 0.019157088 | BM22: =BL22*9.04 -> 0.17318008 | BN22: 15 | BO22: =BO21 -> 814 | BP22: =IF((BO22=0),0,BN22/BO22) -> 0.018427518 | BQ22: =BP22*9.04 -> 0.16658477 | BR22: 17 | BS22: =BS21 -> 755 | BT22: =IF((BS22=0),0,BR22/BS22) -> 0.022516556 | BU22: =BT22*9.04 -> 0.20354967 | BV22: 17 | BW22: =BW21 -> 857 | BX22: =IF((BW22=0),0,BV22/BW22) -> 0.019836639 | BY22: =BX22*9.04 -> 0.17932322 | BZ22: 16 | CA22: =CA21 -> 777 | CB22: =IF((CA22=0),0,BZ22/CA22) -> 0.020592021 | CC22: =CB22*9.04 -> 0.18615187 | CD22: 15 | CE22: =CE21 -> 651 | CF22: =IF((CE22=0),0,CD22/CE22) -> 0.023041475 | CG22: =CF22*9.04 -> 0.20829493 | CH22: 1 | CI22: =CI21 -> 0 | CJ22: =IF((CI22=0),0,CH22/CI22) -> 0 | CK22: =CJ22*9.04 -> 0 | CL22: 14 | CM22: =CM21 -> 651 | CN22: =IF((CM22=0),0,CL22/CM22) -> 0.021505376 | CO22: =CN22*9.04 -> 0.1944086 | CP22: 15 | CQ22: =CQ21 -> 676 | CR22: =IF((CQ22=0),0,CP22/CQ22) -> 0.022189349 | CS22: =CR22*9.04 -> 0.20059172 | CT22: 17 | CU22: =CU21 -> 798 | CV22: =IF((CU22=0),0,CT22/CU22) -> 0.021303258 | CW22: =CV22*9.04 -> 0.19258145 | CX22: 14 | CY22: =CY21 -> 620 | CZ22: =IF((CY22=0),0,CX22/CY22) -> 0.022580645 | DA22: =CZ22*9.04 -> 0.20412903 | DB22: 17 | DC22: =DC21 -> 710 | DD22: =IF((DC22=0),0,DB22/DC22) -> 0.023943662 | DE22: =DD22*9.04 -> 0.2164507 | DF22: 15 | DG22: =DG21 -> 482 | DH22: =IF((DG22=0),0,DF22/DG22) -> 0.031120332 | DI22: =DH22*9.04 -> 0.2813278 | DJ22: 4 | DK22: =DK21 -> 0 | DL22: =IF((DK22=0),0,DJ22/DK22) -> 0 | DM22: =DL22*9.04 -> 0 | DN22: 17 | DO22: =DO21 -> 620 | DP22: =IF((DO22=0),0,DN22/DO22) -> 0.027419355 | DQ22: =DP22*9.04 -> 0.24787097 | DR22: 8 | DS22: =DS21 -> 300 | DT22: =IF((DS22=0),0,DR22/DS22) -> 0.026666667 | DU22: =DT22*9.04 -> 0.24106667 | DW22: =DW21 -> 0 | DX22: =IF((DW22=0),0,DV22/DW22) -> 0 | DY22: =DX22*9.04 -> 0 | DZ22: =F22+J22+N22+R22+V22+Z22+AD22+AH22+AL22+AP22+AT22+AX22+BB22+BF22+BJ22+BN22+BR22+BV22+BZ22+CD22+CH22+CL22+CP22+CT22+CX22+DB22+DF22+DJ22+DN22+DR22+DV22 -> 371 | EA22: =G22+K22+O22+S22+W22+AA22+AI22+AM22+AQ22+AU22+AY22+BC22+BG22+BK22+BO22+BS22+BW22+CA22+CE22+CI22+CM22+CQ22+CU22+CY22+DC22+DG22+DK22+DO22+DS22+DW22 -> 17158 | EB22: =IF((EA22=0),0,DZ22/EA22) -> 0.021622567 | EC22: =EB22*9.04 -> 0.195468
C23: 32 | D23: SPIDER BROACHING | F23: 0 | G23: ='Production data'!B9 -> 0 | H23: =IF((G23=0),0,F23/G23) -> 0 | I23: =H23*9.04 -> 0 | J23: 36 | K23: ='Production data'!C9 -> 230 | L23: =IF((K23=0),0,J23/K23) -> 0.15652174 | M23: =L23*9.04 -> 1.4149565 | N23: 50 | O23: ='Production data'!D9 -> 813 | P23: =IF((O23=0),0,N23/O23) -> 0.061500615 | Q23: =P23*9.04 -> 0.55596556 | R23: 72 | S23: ='Production data'!E9 -> 1030 | T23: =IF((S23=0),0,R23/S23) -> 0.069902913 | U23: =T23*9.04 -> 0.63192233 | V23: 68 | W23: ='Production data'!F9 -> 915 | X23: =IF((W23=0),0,V23/W23) -> 0.07431694 | Y23: =X23*9.04 -> 0.67182514 | Z23: 3 | AA23: ='Production data'!G9 -> 0 | AB23: =IF((AA23=0),0,Z23/AA23) -> 0 | AC23: =AB23*9.04 -> 0 | AD23: 65 | AE23: ='Production data'!H9 -> 985 | AF23: =IF((AE23=0),0,AD23/AE23) -> 0.065989848 | AG23: =AF23*9.04 -> 0.59654822 | AH23: 65 | AI23: ='Production data'!I9 -> 850 | AJ23: =IF((AI23=0),0,AH23/AI23) -> 0.076470588 | AK23: =AJ23*9.04 -> 0.69129412 | AL23: 67 | AM23: ='Production data'!J9 -> 900 | AN23: =IF((AM23=0),0,AL23/AM23) -> 0.074444444 | AO23: =AN23*9.04 -> 0.67297778 | AP23: 67 | AQ23: ='Production data'!K9 -> 840 | AR23: =IF((AQ23=0),0,AP23/AQ23) -> 0.079761905 | AS23: =AR23*9.04 -> 0.72104762 | AT23: 69 | AU23: ='Production data'!L9 -> 1013 | AV23: =IF((AU23=0),0,AT23/AU23) -> 0.068114511 | AW23: =AV23*9.04 -> 0.61575518 | AX23: 42 | AY23: ='Production data'!M9 -> 470 | AZ23: =IF((AY23=0),0,AX23/AY23) -> 0.089361702 | BA23: =AZ23*9.04 -> 0.80782979 | BB23: 7 | BC23: ='Production data'!N9 -> 0 | BD23: =IF((BC23=0),0,BB23/BC23) -> 0 | BE23: =BD23*9.04 -> 0 | BF23: 3 | BG23: ='Production data'!O9 -> 0 | BH23: =IF((BG23=0),0,BF23/BG23) -> 0 | BI23: =BH23*9.04 -> 0 | BJ23: 8 | BK23: ='Production data'!P9 -> 0 | BL23: =IF((BK23=0),0,BJ23/BK23) -> 0 | BM23: =BL23*9.04 -> 0 | BN23: 7 | BO23: ='Production data'!Q9 -> 0 | BP23: =IF((BO23=0),0,BN23/BO23) -> 0 | BQ23: =BP23*9.04 -> 0 | BR23: 35 | BS23: ='Production data'!R9 -> 0 | BT23: =IF((BS23=0),0,BR23/BS23) -> 0 | BU23: =BT23*9.04 -> 0 | BV23: 47 | BW23: ='Production data'!S9 -> 315 | BX23: =IF((BW23=0),0,BV23/BW23) -> 0.14920635 | BY23: =BX23*9.04 -> 1.3488254 | BZ23: 63 | CA23: ='Production data'!T9 -> 430 | CB23: =IF((CA23=0),0,BZ23/CA23) -> 0.14651163 | CC23: =CB23*9.04 -> 1.3244651 | CD23: 63 | CE23: ='Production data'!U9 -> 80 | CF23: =IF((CE23=0),0,CD23/CE23) -> 0.7875 | CG23: =CF23*9.04 -> 7.119 | CH23: 3 | CI23: ='Production data'!V9 -> 0 | CJ23: =IF((CI23=0),0,CH23/CI23) -> 0 | CK23: =CJ23*9.04 -> 0 | CL23: 52 | CM23: ='Production data'!W9 -> 80 | CN23: =IF((CM23=0),0,CL23/CM23) -> 0.65 | CO23: =CN23*9.04 -> 5.876 | CP23: 63 | CQ23: ='Production data'!X9 -> 602 | CR23: =IF((CQ23=0),0,CP23/CQ23) -> 0.10465116 | CS23: =CR23*9.04 -> 0.94604651 | CT23: 34 | CU23: ='Production data'!Y9 -> 130 | CV23: =IF((CU23=0),0,CT23/CU23) -> 0.26153846 | CW23: =CV23*9.04 -> 2.3643077 | CX23: 31 | CY23: ='Production data'!Z9 -> 0 | CZ23: =IF((CY23=0),0,CX23/CY23) -> 0 | DA23: =CZ23*9.04 -> 0 | DB23: 0 | DC23: ='Production data'!AA9 -> 0 | DD23: =IF((DC23=0),0,DB23/DC23) -> 0 | DE23: =DD23*9.04 -> 0 | DF23: 60 | DG23: ='Production data'!AB9 -> 0 | DH23: =IF((DG23=0),0,DF23/DG23) -> 0 | DI23: =DH23*9.04 -> 0 | DJ23: 0 | DK23: ='Production data'!AC9 -> 0 | DL23: =IF((DK23=0),0,DJ23/DK23) -> 0 | DM23: =DL23*9.04 -> 0 | DN23: 0 | DO23: ='Production data'!AD9 -> 0 | DP23: =IF((DO23=0),0,DN23/DO23) -> 0 | DQ23: =DP23*9.04 -> 0 | DR23: 0 | DS23: ='Production data'!AE9 -> 0 | DT23: =IF((DS23=0),0,DR23/DS23) -> 0 | DU23: =DT23*9.04 -> 0 | DW23: ='Production data'!AF9 -> 0 | DX23: =IF((DW23=0),0,DV23/DW23) -> 0 | DY23: =DX23*9.04 -> 0 | DZ23: =F23+J23+N23+R23+V23+Z23+AD23+AH23+AL23+AP23+AT23+AX23+BB23+BF23+BJ23+BN23+BR23+BV23+BZ23+CD23+CH23+CL23+CP23+CT23+CX23+DB23+DF23+DJ23+DN23+DR23+DV23 -> 1080 | EA23: =G23+K23+O23+S23+W23+AA23+AI23+AM23+AQ23+AU23+AY23+BC23+BG23+BK23+BO23+BS23+BW23+CA23+CE23+CI23+CM23+CQ23+CU23+CY23+DC23+DG23+DK23+DO23+DS23+DW23 -> 8698 | EB23: =IF((EA23=0),0,DZ23/EA23) -> 0.12416648 | EC23: =EB23*9.04 -> 1.1224649
C24: 33 | D24: SPIDER CENTERLESS GRINDING 1 | F24: 8 | G24: ='Production data'!B10 -> 0 | H24: =IF((G24=0),0,F24/G24) -> 0 | I24: =H24*9.04 -> 0 | J24: 46 | K24: ='Production data'!C10 -> 698 | L24: =IF((K24=0),0,J24/K24) -> 0.065902579 | M24: =L24*9.04 -> 0.59575931 | N24: 54 | O24: ='Production data'!D10 -> 1133 | P24: =IF((O24=0),0,N24/O24) -> 0.047661077 | Q24: =P24*9.04 -> 0.43085613 | R24: 55 | S24: ='Production data'!E10 -> 1139 | T24: =IF((S24=0),0,R24/S24) -> 0.048287972 | U24: =T24*9.04 -> 0.43652327 | V24: 50 | W24: ='Production data'!F10 -> 1169 | X24: =IF((W24=0),0,V24/W24) -> 0.0427716 | Y24: =X24*9.04 -> 0.38665526 | Z24: 1 | AA24: ='Production data'!G11 -> 0 | AB24: =IF((AA24=0),0,Z24/AA24) -> 0 | AC24: =AB24*9.04 -> 0 | AD24: 28 | AE24: ='Production data'!H10 -> 0 | AF24: =IF((AE24=0),0,AD24/AE24) -> 0 | AG24: =AF24*9.04 -> 0 | AH24: 32 | AI24: ='Production data'!I10 -> 433 | AJ24: =IF((AI24=0),0,AH24/AI24) -> 0.073903002 | AK24: =AJ24*9.04 -> 0.66808314 | AL24: 58 | AM24: ='Production data'!J10 -> 1200 | AN24: =IF((AM24=0),0,AL24/AM24) -> 0.048333333 | AO24: =AN24*9.04 -> 0.43693333 | AP24: 0 | AQ24: ='Production data'!K10 -> 1170 | AR24: =IF((AQ24=0),0,AP24/AQ24) -> 0 | AS24: =AR24*9.04 -> 0 | AT24: 59 | AU24: ='Production data'!L10 -> 1068 | AV24: =IF((AU24=0),0,AT24/AU24) -> 0.055243446 | AW24: =AV24*9.04 -> 0.49940075 | AX24: 56 | AY24: ='Production data'!M10 -> 1124 | AZ24: =IF((AY24=0),0,AX24/AY24) -> 0.049822064 | BA24: =AZ24*9.04 -> 0.45039146 | BB24: 80 | BC24: ='Production data'!N10 -> 1280 | BD24: =IF((BC24=0),0,BB24/BC24) -> 0.0625 | BE24: =BD24*9.04 -> 0.565 | BF24: 37 | BG24: ='Production data'!O10 -> 0 | BH24: =IF((BG24=0),0,BF24/BG24) -> 0 | BI24: =BH24*9.04 -> 0 | BJ24: 75 | BK24: ='Production data'!P10 -> 1106 | BL24: =IF((BK24=0),0,BJ24/BK24) -> 0.067811935 | BM24: =BL24*9.04 -> 0.61301989 | BN24: 61 | BO24: ='Production data'!Q10 -> 1140 | BP24: =IF((BO24=0),0,BN24/BO24) -> 0.053508772 | BQ24: =BP24*9.04 -> 0.4837193 | BR24: 53 | BS24: ='Production data'!R10 -> 1225 | BT24: =IF((BS24=0),0,BR24/BS24) -> 0.043265306 | BU24: =BT24*9.04 -> 0.39111837 | BV24: 61 | BW24: ='Production data'!S10 -> 1190 | BX24: =IF((BW24=0),0,BV24/BW24) -> 0.051260504 | BY24: =BX24*9.04 -> 0.46339496 | BZ24: 68 | CA24: ='Production data'!T10 -> 675 | CB24: =IF((CA24=0),0,BZ24/CA24) -> 0.10074074 | CC24: =CB24*9.04 -> 0.9106963 | CD24: 75 | CE24: ='Production data'!U10 -> 890 | CF24: =IF((CE24=0),0,CD24/CE24) -> 0.084269663 | CG24: =CF24*9.04 -> 0.76179775 | CH24: 35 | CI24: ='Production data'!V10 -> 425 | CJ24: =IF((CI24=0),0,CH24/CI24) -> 0.082352941 | CK24: =CJ24*9.04 -> 0.74447059 | CL24: 57 | CM24: ='Production data'!W10 -> 968 | CN24: =IF((CM24=0),0,CL24/CM24) -> 0.058884298 | CO24: =CN24*9.04 -> 0.53231405 | CP24: 56 | CQ24: ='Production data'!X10 -> 1255 | CR24: =IF((CQ24=0),0,CP24/CQ24) -> 0.044621514 | CS24: =CR24*9.04 -> 0.40337849 | CT24: 63 | CU24: ='Production data'!Y10 -> 1271 | CV24: =IF((CU24=0),0,CT24/CU24) -> 0.04956727 | CW24: =CV24*9.04 -> 0.44808812 | CX24: 74 | CY24: ='Production data'!Z10 -> 1191 | CZ24: =IF((CY24=0),0,CX24/CY24) -> 0.062132662 | DA24: =CZ24*9.04 -> 0.56167926 | DB24: 80 | DC24: ='Production data'!AA10 -> 1415 | DD24: =IF((DC24=0),0,DB24/DC24) -> 0.056537102 | DE24: =DD24*9.04 -> 0.51109541 | DF24: 66 | DG24: ='Production data'!AB10 -> 1305 | DH24: =IF((DG24=0),0,DF24/DG24) -> 0.050574713 | DI24: =DH24*9.04 -> 0.4571954 | DJ24: 50 | DK24: ='Production data'!AC10 -> 1010 | DL24: =IF((DK24=0),0,DJ24/DK24) -> 0.04950495 | DM24: =DL24*9.04 -> 0.44752475 | DN24: 61 | DO24: ='Production data'!AD10 -> 1353 | DP24: =IF((DO24=0),0,DN24/DO24) -> 0.045084996 | DQ24: =DP24*9.04 -> 0.40756837 | DR24: 54 | DS24: ='Production data'!AE10 -> 210 | DT24: =IF((DS24=0),0,DR24/DS24) -> 0.25714286 | DU24: =DT24*9.04 -> 2.3245714 | DW24: ='Production data'!AF10 -> 0 | DX24: =IF((DW24=0),0,DV24/DW24) -> 0 | DY24: =DX24*9.04 -> 0 | DZ24: =F24+J24+N24+R24+V24+Z24+AD24+AH24+AL24+AP24+AT24+AX24+BB24+BF24+BJ24+BN24+BR24+BV24+BZ24+CD24+CH24+CL24+CP24+CT24+CX24+DB24+DF24+DJ24+DN24+DR24+DV24 -> 1553 | EA24: =G24+K24+O24+S24+W24+AA24+AI24+AM24+AQ24+AU24+AY24+BC24+BG24+BK24+BO24+BS24+BW24+CA24+CE24+CI24+CM24+CQ24+CU24+CY24+DC24+DG24+DK24+DO24+DS24+DW24 -> 27043 | EB24: =IF((EA24=0),0,DZ24/EA24) -> 0.057427061 | EC24: =EB24*9.04 -> 0.51914063
C25: 34 | D25: SPIDER CENTERLESS GRINDING 2 | F25: 8 | G25: ='Production data'!B11 -> 0 | H25: =IF((G25=0),0,F25/G25) -> 0 | I25: =H25*9.04 -> 0 | J25: 46 | K25: ='Production data'!C11 -> 991 | L25: =IF((K25=0),0,J25/K25) -> 0.04641776 | M25: =L25*9.04 -> 0.41961655 | N25: 55 | O25: ='Production data'!D11 -> 1010 | P25: =IF((O25=0),0,N25/O25) -> 0.054455446 | Q25: =P25*9.04 -> 0.49227723 | R25: 55 | S25: ='Production data'!E11 -> 1005 | T25: =IF((S25=0),0,R25/S25) -> 0.054726368 | U25: =T25*9.04 -> 0.49472637 | V25: 50 | W25: ='Production data'!F11 -> 603 | X25: =IF((W25=0),0,V25/W25) -> 0.08291874 | Y25: =X25*9.04 -> 0.74958541 | Z25: 0 | AA25: ='Production data'!G10 -> 0 | AB25: =IF((AA25=0),0,Z25/AA25) -> 0 | AC25: =AB25*9.04 -> 0 | AD25: 27 | AE25: ='Production data'!H11 -> 0 | AF25: =IF((AE25=0),0,AD25/AE25) -> 0 | AG25: =AF25*9.04 -> 0 | AH25: 33 | AI25: ='Production data'!I11 -> 0 | AJ25: =IF((AI25=0),0,AH25/AI25) -> 0 | AK25: =AJ25*9.04 -> 0 | AL25: 59 | AM25: ='Production data'!J11 -> 1074 | AN25: =IF((AM25=0),0,AL25/AM25) -> 0.054934823 | AO25: =AN25*9.04 -> 0.4966108 | AP25: 0 | AQ25: ='Production data'!K11 -> 880 | AR25: =IF((AQ25=0),0,AP25/AQ25) -> 0 | AS25: =AR25*9.04 -> 0 | AT25: 59 | AU25: ='Production data'!L11 -> 1068 | AV25: =IF((AU25=0),0,AT25/AU25) -> 0.055243446 | AW25: =AV25*9.04 -> 0.49940075 | AX25: 56 | AY25: ='Production data'!M11 -> 520 | AZ25: =IF((AY25=0),0,AX25/AY25) -> 0.10769231 | BA25: =AZ25*9.04 -> 0.97353846 | BB25: 80 | BC25: ='Production data'!N11 -> 846 | BD25: =IF((BC25=0),0,BB25/BC25) -> 0.094562648 | BE25: =BD25*9.04 -> 0.85484634 | BF25: 37 | BG25: ='Production data'!O11 -> 567 | BH25: =IF((BG25=0),0,BF25/BG25) -> 0.065255732 | BI25: =BH25*9.04 -> 0.58991182 | BJ25: 76 | BK25: ='Production data'!P11 -> 1011 | BL25: =IF((BK25=0),0,BJ25/BK25) -> 0.075173096 | BM25: =BL25*9.04 -> 0.67956479 | BN25: 61 | BO25: ='Production data'!Q11 -> 1099 | BP25: =IF((BO25=0),0,BN25/BO25) -> 0.055505005 | BQ25: =BP25*9.04 -> 0.50176524 | BR25: 54 | BS25: ='Production data'!R11 -> 1105 | BT25: =IF((BS25=0),0,BR25/BS25) -> 0.048868778 | BU25: =BT25*9.04 -> 0.44177376 | BV25: 60 | BW25: ='Production data'!S11 -> 1091 | BX25: =IF((BW25=0),0,BV25/BW25) -> 0.054995417 | BY25: =BX25*9.04 -> 0.49715857 | BZ25: 69 | CA25: ='Production data'!T11 -> 0 | CB25: =IF((CA25=0),0,BZ25/CA25) -> 0 | CC25: =CB25*9.04 -> 0 | CD25: 75 | CE25: ='Production data'!U11 -> 751 | CF25: =IF((CE25=0),0,CD25/CE25) -> 0.099866844 | CG25: =CF25*9.04 -> 0.90279627 | CH25: 35 | CI25: ='Production data'!V11 -> 275 | CJ25: =IF((CI25=0),0,CH25/CI25) -> 0.12727273 | CK25: =CJ25*9.04 -> 1.1505455 | CL25: 56 | CM25: ='Production data'!W11 -> 865 | CN25: =IF((CM25=0),0,CL25/CM25) -> 0.064739884 | CO25: =CN25*9.04 -> 0.58524855 | CP25: 57 | CQ25: ='Production data'!X11 -> 1169 | CR25: =IF((CQ25=0),0,CP25/CQ25) -> 0.048759624 | CS25: =CR25*9.04 -> 0.440787 | CT25: 63 | CU25: ='Production data'!Y11 -> 1267 | CV25: =IF((CU25=0),0,CT25/CU25) -> 0.049723757 | CW25: =CV25*9.04 -> 0.44950276 | CX25: 73 | CY25: ='Production data'!Z11 -> 1125 | CZ25: =IF((CY25=0),0,CX25/CY25) -> 0.064888889 | DA25: =CZ25*9.04 -> 0.58659556 | DB25: 80 | DC25: ='Production data'!AA11 -> 1395 | DD25: =IF((DC25=0),0,DB25/DC25) -> 0.05734767 | DE25: =DD25*9.04 -> 0.51842294 | DF25: 66 | DG25: ='Production data'!AB11 -> 1371 | DH25: =IF((DG25=0),0,DF25/DG25) -> 0.048140044 | DI25: =DH25*9.04 -> 0.435186 | DJ25: 50 | DK25: ='Production data'!AC11 -> 782 | DL25: =IF((DK25=0),0,DJ25/DK25) -> 0.063938619 | DM25: =DL25*9.04 -> 0.57800512 | DN25: 61 | DO25: ='Production data'!AD11 -> 970 | DP25: =IF((DO25=0),0,DN25/DO25) -> 0.062886598 | DQ25: =DP25*9.04 -> 0.56849485 | DR25: 55 | DS25: ='Production data'!AE11 -> 0 | DT25: =IF((DS25=0),0,DR25/DS25) -> 0 | DU25: =DT25*9.04 -> 0 | DW25: ='Production data'!AF11 -> 0 | DX25: =IF((DW25=0),0,DV25/DW25) -> 0 | DY25: =DX25*9.04 -> 0 | DZ25: =F25+J25+N25+R25+V25+Z25+AD25+AH25+AL25+AP25+AT25+AX25+BB25+BF25+BJ25+BN25+BR25+BV25+BZ25+CD25+CH25+CL25+CP25+CT25+CX25+DB25+DF25+DJ25+DN25+DR25+DV25 -> 1556 | EA25: =G25+K25+O25+S25+W25+AA25+AI25+AM25+AQ25+AU25+AY25+BC25+BG25+BK25+BO25+BS25+BW25+CA25+CE25+CI25+CM25+CQ25+CU25+CY25+DC25+DG25+DK25+DO25+DS25+DW25 -> 22840 | EB25: =IF((EA25=0),0,DZ25/EA25) -> 0.068126095 | EC25: =EB25*9.04 -> 0.61585989
D26: Total Spider | F26: =SUM(F20:F25) -> 16 | G26: =SUM(G20:G25) -> 0 | H26: =SUM(H20:H25) -> 0 | I26: =SUM(I20:I25) -> 0 | J26: =SUM(J20:J25) -> 284 | K26: =SUM(K20:K25) -> 3989 | L26: =SUM(L20:L25) -> 0.49492903 | M26: =SUM(M20:M25) -> 4.4741585 | ... EC26: =SUM(EC20:EC25) -> 4.3159385
C28: 36 | D28: WHEEL FLANGE THREAD ROLLING | E28: Wheel Flange Line | F28: 0 | G28: ='Production data'!B12 -> 0 | H28: =IF((G28=0),0,F28/G28) -> 0 | I28: =H28*9.04 -> 0 | J28: 41 | K28: ='Production data'!C12 -> 700 | L28: =IF((K28=0),0,J28/K28) -> 0.058571429 | M28: =L28*9.04 -> 0.52948571 | N28: 34 | O28: ='Production data'!D12 -> 742 | P28: =IF((O28=0),0,N28/O28) -> 0.045822102 | Q28: =P28*9.04 -> 0.41423181 | R28: 1 | S28: ='Production data'!E12 -> 835 | T28: =IF((S28=0),0,R28/S28) -> 0.0011976048 | U28: =T28*9.04 -> 0.010826347 | V28: 37 | W28: ='Production data'!F12 -> 1223 | X28: =IF((W28=0),0,V28/W28) -> 0.030253475 | Y28: =X28*9.04 -> 0.27349141 | Z28: 2 | AA28: ='Production data'!G12 -> 0 | AB28: =IF((AA28=0),0,Z28/AA28) -> 0 | AC28: =AB28*9.04 -> 0 | AD28: 52 | AE28: ='Production data'!H12 -> 1125 | AF28: =IF((AE28=0),0,AD28/AE28) -> 0.046222222 | AG28: =AF28*9.04 -> 0.41784889 | AH28: 42 | AI28: ='Production data'!I12 -> 1000 | AJ28: =IF((AI28=0),0,AH28/AI28) -> 0.042 | AK28: =AJ28*9.04 -> 0.37968 | AL28: 17 | AM28: ='Production data'!J12 -> 497 | AN28: =IF((AM28=0),0,AL28/AM28) -> 0.034205231 | AO28: =AN28*9.04 -> 0.30921529 | AP28: 22 | AQ28: ='Production data'!K12 -> 436 | AR28: =IF((AQ28=0),0,AP28/AQ28) -> 0.050458716 | AS28: =AR28*9.04 -> 0.45614679 | AT28: 40 | AU28: ='Production data'!L12 -> 214 | AV28: =IF((AU28=0),0,AT28/AU28) -> 0.18691589 | AW28: =AV28*9.04 -> 1.6897196 | AX28: 15 | AY28: ='Production data'!M12 -> 380 | AZ28: =IF((AY28=0),0,AX28/AY28) -> 0.039473684 | BA28: =AZ28*9.04 -> 0.35684211 | BB28: 39 | BC28: ='Production data'!N12 -> 1208 | BD28: =IF((BC28=0),0,BB28/BC28) -> 0.032284768 | BE28: =BD28*9.04 -> 0.2918543 | BF28: 16 | BG28: ='Production data'!O12 -> 450 | BH28: =IF((BG28=0),0,BF28/BG28) -> 0.035555556 | BI28: =BH28*9.04 -> 0.32142222 | BJ28: 18 | BK28: ='Production data'!P12 -> 543 | BL28: =IF((BK28=0),0,BJ28/BK28) -> 0.033149171 | BM28: =BL28*9.04 -> 0.29966851 | BN28: 48 | BO28: ='Production data'!Q12 -> 1100 | BP28: =IF((BO28=0),0,BN28/BO28) -> 0.043636364 | BQ28: =BP28*9.04 -> 0.39447273 | BR28: 16 | BS28: ='Production data'!R12 -> 440 | BT28: =IF((BS28=0),0,BR28/BS28) -> 0.036363636 | BU28: =BT28*9.04 -> 0.32872727 | BV28: 20 | BW28: ='Production data'!S12 -> 374 | BX28: =IF((BW28=0),0,BV28/BW28) -> 0.053475936 | BY28: =BX28*9.04 -> 0.48342246 | BZ28: 16 | CA28: ='Production data'!T12 -> 0 | CB28: =IF((CA28=0),0,BZ28/CA28) -> 0 | CC28: =CB28*9.04 -> 0 | CD28: 41 | CE28: ='Production data'!U12 -> 1155 | CF28: =IF((CE28=0),0,CD28/CE28) -> 0.035497835 | CG28: =CF28*9.04 -> 0.32090043 | CH28: 12 | CI28: ='Production data'!V12 -> 264 | CJ28: =IF((CI28=0),0,CH28/CI28) -> 0.045454545 | CK28: =CJ28*9.04 -> 0.41090909 | CL28: 21 | CM28: ='Production data'!W12 -> 820 | CN28: =IF((CM28=0),0,CL28/CM28) -> 0.025609756 | CO28: =CN28*9.04 -> 0.2315122 | CP28: 57 | CQ28: ='Production data'!X12 -> 1440 | CR28: =IF((CQ28=0),0,CP28/CQ28) -> 0.039583333 | CS28: =CR28*9.04 -> 0.35783333 | CT28: 32 | CU28: ='Production data'!Y12 -> 890 | CV28: =IF((CU28=0),0,CT28/CU28) -> 0.035955056 | CW28: =CV28*9.04 -> 0.32503371 | CX28: 0 | CY28: ='Production data'!Z12 -> 0 | CZ28: =IF((CY28=0),0,CX28/CY28) -> 0 | DA28: =CZ28*9.04 -> 0 | DB28: 32 | DC28: ='Production data'!AA12 -> 700 | DD28: =IF((DC28=0),0,DB28/DC28) -> 0.045714286 | DE28: =DD28*9.04 -> 0.41325714 | DF28: 41 | DG28: ='Production data'!AB12 -> 980 | DH28: =IF((DG28=0),0,DF28/DG28) -> 0.041836735 | DI28: =DH28*9.04 -> 0.37820408 | DJ28: 0 | DK28: ='Production data'!AC12 -> 0 | DL28: =IF((DK28=0),0,DJ28/DK28) -> 0 | DM28: =DL28*9.04 -> 0 | DN28: 41 | DO28: ='Production data'!AD12 -> 995 | DP28: =IF((DO28=0),0,DN28/DO28) -> 0.04120603 | DQ28: =DP28*9.04 -> 0.37250251 | DR28: 2 | DS28: ='Production data'!AE12 -> 0 | DT28: =IF((DS28=0),0,DR28/DS28) -> 0 | DU28: =DT28*9.04 -> 0 | DW28: ='Production data'!AF12 -> 0 | DX28: =IF((DW28=0),0,DV28/DW28) -> 0 | DY28: =DX28*9.04 -> 0 | DZ28: =F28+J28+N28+R28+V28+Z28+AD28+AH28+AL28+AP28+AT28+AX28+BB28+BF28+BJ28+BN28+BR28+BV28+BZ28+CD28+CH28+CL28+CP28+CT28+CX28+DB28+DF28+DJ28+DN28+DR28+DV28 -> 755 | EA28: =G28+K28+O28+S28+W28+AA28+AI28+AM28+AQ28+AU28+AY28+BC28+BG28+BK28+BO28+BS28+BW28+CA28+CE28+CI28+CM28+CQ28+CU28+CY28+DC28+DG28+DK28+DO28+DS28+DW28 -> 17386 | EB28: =IF((EA28=0),0,DZ28/EA28) -> 0.043425745 | EC28: =EB28*9.04 -> 0.39256873
C29: 37 | D29: WHEEL FLANGE ROBO 893 | F29: 0 | G29: =G28 -> 0 | H29: =IF((G29=0),0,F29/G29) -> 0 | I29: =H29*9.04 -> 0 | J29: 5 | K29: =K28 -> 700 | L29: =IF((K29=0),0,J29/K29) -> 0.0071428571 | M29: =L29*9.04 -> 0.064571429 | N29: 8 | O29: =O28 -> 742 | P29: =IF((O29=0),0,N29/O29) -> 0.010781671 | Q29: =P29*9.04 -> 0.097466307 | R29: 9 | S29: =S28 -> 835 | T29: =IF((S29=0),0,R29/S29) -> 0.010778443 | U29: =T29*9.04 -> 0.097437126 | V29: 9 | W29: =W28 -> 1223 | X29: =IF((W29=0),0,V29/W29) -> 0.0073589534 | Y29: =X29*9.04 -> 0.066524939 | Z29: 1 | AA29: =AA28 -> 0 | AB29: =IF((AA29=0),0,Z29/AA29) -> 0 | AC29: =AB29*9.04 -> 0 | AD29: 8 | AE29: =AE28 -> 1125 | AF29: =IF((AE29=0),0,AD29/AE29) -> 0.0071111111 | AG29: =AF29*9.04 -> 0.064284444 | AH29: 8 | AI29: =AI28 -> 1000 | AJ29: =IF((AI29=0),0,AH29/AI29) -> 0.008 | AK29: =AJ29*9.04 -> 0.07232 | AL29: 9 | AM29: =AM28 -> 497 | AN29: =IF((AM29=0),0,AL29/AM29) -> 0.018108652 | AO29: =AN29*9.04 -> 0.16370221 | AP29: 9 | AQ29: =AQ28 -> 436 | AR29: =IF((AQ29=0),0,AP29/AQ29) -> 0.020642202 | AS29: =AR29*9.04 -> 0.1866055 | AT29: 9 | AU29: =AU28 -> 214 | AV29: =IF((AU29=0),0,AT29/AU29) -> 0.042056075 | AW29: =AV29*9.04 -> 0.38018692 | AX29: 8 | AY29: =AY28 -> 380 | AZ29: =IF((AY29=0),0,AX29/AY29) -> 0.021052632 | BA29: =AZ29*9.04 -> 0.19031579 | BB29: 9 | BC29: =BC28 -> 1208 | BD29: =IF((BC29=0),0,BB29/BC29) -> 0.0074503311 | BE29: =BD29*9.04 -> 0.067350993 | BF29: 4 | BG29: =BG28 -> 450 | BH29: =IF((BG29=0),0,BF29/BG29) -> 0.0088888889 | BI29: =BH29*9.04 -> 0.080355556 | BJ29: 9 | BK29: =BK28 -> 543 | BL29: =IF((BK29=0),0,BJ29/BK29) -> 0.016574586 | BM29: =BL29*9.04 -> 0.14983425 | BN29: 8 | BO29: =BO28 -> 1100 | BP29: =IF((BO29=0),0,BN29/BO29) -> 0.0072727273 | BQ29: =BP29*9.04 -> 0.065745455 | BR29: 9 | BS29: =BS28 -> 440 | BT29: =IF((BS29=0),0,BR29/BS29) -> 0.020454545 | BU29: =BT29*9.04 -> 0.18490909 | BV29: 9 | BW29: =BW28 -> 374 | BX29: =IF((BW29=0),0,BV29/BW29) -> 0.024064171 | BY29: =BX29*9.04 -> 0.21754011 | BZ29: 10 | CA29: =CA28 -> 0 | CB29: =IF((CA29=0),0,BZ29/CA29) -> 0 | CC29: =CB29*9.04 -> 0 | CD29: 12 | CE29: =CE28 -> 1155 | CF29: =IF((CE29=0),0,CD29/CE29) -> 0.01038961 | CG29: =CF29*9.04 -> 0.093922078 | CH29: 3 | CI29: =CI28 -> 264 | CJ29: =IF((CI29=0),0,CH29/CI29) -> 0.011363636 | CK29: =CJ29*9.04 -> 0.10272727 | CL29: 12 | CM29: =CM28 -> 820 | CN29: =IF((CM29=0),0,CL29/CM29) -> 0.014634146 | CO29: =CN29*9.04 -> 0.13229268 | CP29: 13 | CQ29: =CQ28 -> 1440 | CR29: =IF((CQ29=0),0,CP29/CQ29) -> 0.0090277778 | CS29: =CR29*9.04 -> 0.081611111 | CT29: 11 | CU29: =CU28 -> 890 | CV29: =IF((CU29=0),0,CT29/CU29) -> 0.012359551 | CW29: =CV29*9.04 -> 0.11173034 | CX29: 9 | CY29: =CY28 -> 0 | CZ29: =IF((CY29=0),0,CX29/CY29) -> 0 | DA29: =CZ29*9.04 -> 0 | DB29: 11 | DC29: =DC28 -> 700 | DD29: =IF((DC29=0),0,DB29/DC29) -> 0.015714286 | DE29: =DD29*9.04 -> 0.14205714 | DF29: 12 | DG29: =DG28 -> 980 | DH29: =IF((DG29=0),0,DF29/DG29) -> 0.012244898 | DI29: =DH29*9.04 -> 0.11069388 | DJ29: 5 | DK29: =DK28 -> 0 | DL29: =IF((DK29=0),0,DJ29/DK29) -> 0 | DM29: =DL29*9.04 -> 0 | DN29: 16 | DO29: =DO28 -> 995 | DP29: =IF((DO29=0),0,DN29/DO29) -> 0.016080402 | DQ29: =DP29*9.04 -> 0.14536683 | DR29: 5 | DS29: =DS28 -> 0 | DT29: =IF((DS29=0),0,DR29/DS29) -> 0 | DU29: =DT29*9.04 -> 0 | DW29: =DW28 -> 0 | DX29: =IF((DW29=0),0,DV29/DW29) -> 0 | DY29: =DX29*9.04 -> 0 | DZ29: =F29+J29+N29+R29+V29+Z29+AD29+AH29+AL29+AP29+AT29+AX29+BB29+BF29+BJ29+BN29+BR29+BV29+BZ29+CD29+CH29+CL29+CP29+CT29+CX29+DB29+DF29+DJ29+DN29+DR29+DV29 -> 250 | EA29: =G29+K29+O29+S29+W29+AA29+AI29+AM29+AQ29+AU29+AY29+BC29+BG29+BK29+BO29+BS29+BW29+CA29+CE29+CI29+CM29+CQ29+CU29+CY29+DC29+DG29+DK29+DO29+DS29+DW29 -> 17386 | EB29: =IF((EA29=0),0,DZ29/EA29) -> 0.014379386 | EC29: =EB29*9.04 -> 0.12998965
C30: 39 | D30: WHEEL FLANGE GANTRY | F30: 0 | G30: ='Production data'!B13 -> 0 | H30: =IF((G30=0),0,F30/G30) -> 0 | I30: =H30*9.04 -> 0 | J30: 11 | K30: ='Production data'!C13 -> 0 | L30: =IF((K30=0),0,J30/K30) -> 0 | M30: =L30*9.04 -> 0 | N30: 9 | O30: ='Production data'!D13 -> 0 | P30: =IF((O30=0),0,N30/O30) -> 0 | Q30: =P30*9.04 -> 0 | R30: 6 | S30: ='Production data'!E13 -> 0 | T30: =IF((S30=0),0,R30/S30) -> 0 | U30: =T30*9.04 -> 0 | V30: 3 | W30: ='Production data'!F13 -> 0 | X30: =IF((W30=0),0,V30/W30) -> 0 | Y30: =X30*9.04 -> 0 | Z30: 0 | AA30: ='Production data'!G13 -> 0 | AB30: =IF((AA30=0),0,Z30/AA30) -> 0 | AC30: =AB30*9.04 -> 0 | AD30: 0 | AE30: ='Production data'!H13 -> 0 | AF30: =IF((AE30=0),0,AD30/AE30) -> 0 | AG30: =AF30*9.04 -> 0 | AH30: 9 | AI30: ='Production data'!I13 -> 0 | AJ30: =IF((AI30=0),0,AH30/AI30) -> 0 | AK30: =AJ30*9.04 -> 0 | AL30: 13 | AM30: ='Production data'!J13 -> 0 | AN30: =IF((AM30=0),0,AL30/AM30) -> 0 | AO30: =AN30*9.04 -> 0 | AP30: 14 | AQ30: ='Production data'!K13 -> 0 | AR30: =IF((AQ30=0),0,AP30/AQ30) -> 0 | AS30: =AR30*9.04 -> 0 | AT30: 10 | AU30: ='Production data'!L13 -> 0 | AV30: =IF((AU30=0),0,AT30/AU30) -> 0 | AW30: =AV30*9.04 -> 0 | AX30: 11 | AY30: ='Production data'!M13 -> 0 | AZ30: =IF((AY30=0),0,AX30/AY30) -> 0 | BA30: =AZ30*9.04 -> 0 | BB30: 10 | BC30: ='Production data'!N13 -> 0 | BD30: =IF((BC30=0),0,BB30/BC30) -> 0 | BE30: =BD30*9.04 -> 0 | BF30: 6 | BG30: ='Production data'!O13 -> 0 | BH30: =IF((BG30=0),0,BF30/BG30) -> 0 | BI30: =BH30*9.04 -> 0 | BJ30: 4 | BK30: ='Production data'!P13 -> 0 | BL30: =IF((BK30=0),0,BJ30/BK30) -> 0 | BM30: =BL30*9.04 -> 0 | BN30: 6 | BO30: ='Production data'!Q13 -> 0 | BP30: =IF((BO30=0),0,BN30/BO30) -> 0 | BQ30: =BP30*9.04 -> 0 | BR30: 9 | BS30: ='Production data'!R13 -> 0 | BT30: =IF((BS30=0),0,BR30/BS30) -> 0 | BU30: =BT30*9.04 -> 0 | BV30: 6 | BW30: ='Production data'!S13 -> 0 | BX30: =IF((BW30=0),0,BV30/BW30) -> 0 | BY30: =BX30*9.04 -> 0 | BZ30: 9 | CA30: ='Production data'!T13 -> 0 | CB30: =IF((CA30=0),0,BZ30/CA30) -> 0 | CC30: =CB30*9.04 -> 0 | CD30: 13 | CE30: ='Production data'!U13 -> 0 | CF30: =IF((CE30=0),0,CD30/CE30) -> 0 | CG30: =CF30*9.04 -> 0 | CH30: 4 | CI30: ='Production data'!V13 -> 0 | CJ30: =IF((CI30=0),0,CH30/CI30) -> 0 | CK30: =CJ30*9.04 -> 0 | CL30: 13 | CM30: ='Production data'!W13 -> 0 | CN30: =IF((CM30=0),0,CL30/CM30) -> 0 | CO30: =CN30*9.04 -> 0 | CP30: 13 | CQ30: ='Production data'!X13 -> 0 | CR30: =IF((CQ30=0),0,CP30/CQ30) -> 0 | CS30: =CR30*9.04 -> 0 | CT30: 12 | CU30: ='Production data'!Y13 -> 0 | CV30: =IF((CU30=0),0,CT30/CU30) -> 0 | CW30: =CV30*9.04 -> 0 | CX30: 12 | CY30: ='Production data'!Z13 -> 0 | CZ30: =IF((CY30=0),0,CX30/CY30) -> 0 | DA30: =CZ30*9.04 -> 0 | DB30: 32 | DC30: ='Production data'!AA13 -> 0 | DD30: =IF((DC30=0),0,DB30/DC30) -> 0 | DE30: =DD30*9.04 -> 0 | DF30: 2 | DG30: ='Production data'!AB13 -> 0 | DH30: =IF((DG30=0),0,DF30/DG30) -> 0 | DI30: =DH30*9.04 -> 0 | DJ30: 3 | DK30: ='Production data'!AC13 -> 0 | DL30: =IF((DK30=0),0,DJ30/DK30) -> 0 | DM30: =DL30*9.04 -> 0 | DN30: 7 | DO30: ='Production data'!AD13 -> 0 | DP30: =IF((DO30=0),0,DN30/DO30) -> 0 | DQ30: =DP30*9.04 -> 0 | DR30: 12 | DS30: ='Production data'!AE13 -> 0 | DT30: =IF((DS30=0),0,DR30/DS30) -> 0 | DU30: =DT30*9.04 -> 0 | DW30: ='Production data'!AF13 -> 0 | DX30: =IF((DW30=0),0,DV30/DW30) -> 0 | DY30: =DX30*9.04 -> 0 | DZ30: =F30+J30+N30+R30+V30+Z30+AD30+AH30+AL30+AP30+AT30+AX30+BB30+BF30+BJ30+BN30+BR30+BV30+BZ30+CD30+CH30+CL30+CP30+CT30+CX30+DB30+DF30+DJ30+DN30+DR30+DV30 -> 259 | EA30: =G30+K30+O30+S30+W30+AA30+AI30+AM30+AQ30+AU30+AY30+BC30+BG30+BK30+BO30+BS30+BW30+CA30+CE30+CI30+CM30+CQ30+CU30+CY30+DC30+DG30+DK30+DO30+DS30+DW30 -> 0 | EB30: =IF((EA30=0),0,DZ30/EA30) -> 0 | EC30: =EB30*9.04 -> 0
C31: 40 | D31: WHEEL FLANGE SPLINE ROLLING | F31: 1 | G31: =G28 -> 0 | H31: =IF((G31=0),0,F31/G31) -> 0 | I31: =H31*9.04 -> 0 | J31: 1 | K31: =K28 -> 700 | L31: =IF((K31=0),0,J31/K31) -> 0.0014285714 | M31: =L31*9.04 -> 0.012914286 | N31: 0 | O31: =O28 -> 742 | P31: =IF((O31=0),0,N31/O31) -> 0 | Q31: =P31*9.04 -> 0 | R31: 46 | S31: =S28 -> 835 | T31: =IF((S31=0),0,R31/S31) -> 0.05508982 | U31: =T31*9.04 -> 0.49801198 | V31: 27 | W31: =W28 -> 1223 | X31: =IF((W31=0),0,V31/W31) -> 0.02207686 | Y31: =X31*9.04 -> 0.19957482 | Z31: 1 | AA31: =AA28 -> 0 | AB31: =IF((AA31=0),0,Z31/AA31) -> 0 | AC31: =AB31*9.04 -> 0 | AD31: 1 | AE31: =AE28 -> 1125 | AF31: =IF((AE31=0),0,AD31/AE31) -> 0.00088888889 | AG31: =AF31*9.04 -> 0.0080355556 | AH31: 1 | AI31: =AI28 -> 1000 | AJ31: =IF((AI31=0),0,AH31/AI31) -> 0.001 | AK31: =AJ31*9.04 -> 0.00904 | AL31: 1 | AM31: =AM28 -> 497 | AN31: =IF((AM31=0),0,AL31/AM31) -> 0.0020120724 | AO31: =AN31*9.04 -> 0.018189135 | AP31: 0 | AQ31: =AQ28 -> 436 | AR31: =IF((AQ31=0),0,AP31/AQ31) -> 0 | AS31: =AR31*9.04 -> 0 | AT31: 1 | AU31: =AU28 -> 214 | AV31: =IF((AU31=0),0,AT31/AU31) -> 0.0046728972 | AW31: =AV31*9.04 -> 0.042242991 | AX31: 1 | AY31: =AY28 -> 380 | AZ31: =IF((AY31=0),0,AX31/AY31) -> 0.0026315789 | BA31: =AZ31*9.04 -> 0.023789474 | BB31: 0 | BC31: =BC28 -> 1208 | BD31: =IF((BC31=0),0,BB31/BC31) -> 0 | BE31: =BD31*9.04 -> 0 | BF31: 1 | BG31: =BG28 -> 450 | BH31: =IF((BG31=0),0,BF31/BG31) -> 0.0022222222 | BI31: =BH31*9.04 -> 0.020088889 | BJ31: 0 | BK31: =BK28 -> 543 | BL31: =IF((BK31=0),0,BJ31/BK31) -> 0 | BM31: =BL31*9.04 -> 0 | BN31: 1 | BO31: =BO28 -> 1100 | BP31: =IF((BO31=0),0,BN31/BO31) -> 0.00090909091 | BQ31: =BP31*9.04 -> 0.0082181818 | BR31: 1 | BS31: =BS28 -> 440 | BT31: =IF((BS31=0),0,BR31/BS31) -> 0.0022727273 | BU31: =BT31*9.04 -> 0.020545455 | BV31: 6 | BW31: =BW28 -> 374 | BX31: =IF((BW31=0),0,BV31/BW31) -> 0.016042781 | BY31: =BX31*9.04 -> 0.14502674 | BZ31: 20 | CA31: =CA28 -> 0 | CB31: =IF((CA31=0),0,BZ31/CA31) -> 0 | CC31: =CB31*9.04 -> 0 | CD31: 2 | CE31: =CE28 -> 1155 | CF31: =IF((CE31=0),0,CD31/CE31) -> 0.0017316017 | CG31: =CF31*9.04 -> 0.01565368 | CH31: 0 | CI31: =CI28 -> 264 | CJ31: =IF((CI31=0),0,CH31/CI31) -> 0 | CK31: =CJ31*9.04 -> 0 | CL31: 35 | CM31: =CM28 -> 820 | CN31: =IF((CM31=0),0,CL31/CM31) -> 0.042682927 | CO31: =CN31*9.04 -> 0.38585366 | CP31: 1 | CQ31: =CQ28 -> 1440 | CR31: =IF((CQ31=0),0,CP31/CQ31) -> 0.00069444444 | CS31: =CR31*9.04 -> 0.0062777778 | CT31: 1 | CU31: =CU28 -> 890 | CV31: =IF((CU31=0),0,CT31/CU31) -> 0.0011235955 | CW31: =CV31*9.04 -> 0.010157303 | CX31: 0 | CY31: =CY28 -> 0 | CZ31: =IF((CY31=0),0,CX31/CY31) -> 0 | DA31: =CZ31*9.04 -> 0 | DB31: 0 | DC31: =DC28 -> 700 | DD31: =IF((DC31=0),0,DB31/DC31) -> 0 | DE31: =DD31*9.04 -> 0 | DF31: 0 | DG31: =DG28 -> 980 | DH31: =IF((DG31=0),0,DF31/DG31) -> 0 | DI31: =DH31*9.04 -> 0 | DJ31: 0 | DK31: =DK28 -> 0 | DL31: =IF((DK31=0),0,DJ31/DK31) -> 0 | DM31: =DL31*9.04 -> 0 | DN31: 0 | DO31: =DO28 -> 995 | DP31: =IF((DO31=0),0,DN31/DO31) -> 0 | DQ31: =DP31*9.04 -> 0 | DR31: 0 | DS31: =DS28 -> 0 | DT31: =IF((DS31=0),0,DR31/DS31) -> 0 | DU31: =DT31*9.04 -> 0 | DW31: =DW28 -> 0 | DX31: =IF((DW31=0),0,DV31/DW31) -> 0 | DY31: =DX31*9.04 -> 0 | DZ31: =F31+J31+N31+R31+V31+Z31+AD31+AH31+AL31+AP31+AT31+AX31+BB31+BF31+BJ31+BN31+BR31+BV31+BZ31+CD31+CH31+CL31+CP31+CT31+CX31+DB31+DF31+DJ31+DN31+DR31+DV31 -> 149 | EA31: =G31+K31+O31+S31+W31+AA31+AI31+AM31+AQ31+AU31+AY31+BC31+BG31+BK31+BO31+BS31+BW31+CA31+CE31+CI31+CM31+CQ31+CU31+CY31+DC31+DG31+DK31+DO31+DS31+DW31 -> 17386 | EB31: =IF((EA31=0),0,DZ31/EA31) -> 0.0085701139 | EC31: =EB31*9.04 -> 0.07747383
C32: 41 | D32: WHEEL FLANGE KEYWAY MACHINE | F32: 0 | G32: =G28 -> 0 | H32: =IF((G32=0),0,F32/G32) -> 0 | I32: =H32*9.04 -> 0 | J32: 8 | K32: =K28 -> 700 | L32: =IF((K32=0),0,J32/K32) -> 0.011428571 | M32: =L32*9.04 -> 0.10331429 | N32: 8 | O32: =O28 -> 742 | P32: =IF((O32=0),0,N32/O32) -> 0.010781671 | Q32: =P32*9.04 -> 0.097466307 | R32: 11 | S32: =S28 -> 835 | T32: =IF((S32=0),0,R32/S32) -> 0.013173653 | U32: =T32*9.04 -> 0.11908982 | V32: 18 | W32: =W28 -> 1223 | X32: =IF((W32=0),0,V32/W32) -> 0.014717907 | Y32: =X32*9.04 -> 0.13304988 | Z32: 0 | AA32: =AA28 -> 0 | AB32: =IF((AA32=0),0,Z32/AA32) -> 0 | AC32: =AB32*9.04 -> 0 | AD32: 12 | AE32: =AE28 -> 1125 | AF32: =IF((AE32=0),0,AD32/AE32) -> 0.010666667 | AG32: =AF32*9.04 -> 0.096426667 | AH32: 11 | AI32: =AI28 -> 1000 | AJ32: =IF((AI32=0),0,AH32/AI32) -> 0.011 | AK32: =AJ32*9.04 -> 0.09944 | AL32: 7 | AM32: =AM28 -> 497 | AN32: =IF((AM32=0),0,AL32/AM32) -> 0.014084507 | AO32: =AN32*9.04 -> 0.12732394 | AP32: 7 | AQ32: =AQ28 -> 436 | AR32: =IF((AQ32=0),0,AP32/AQ32) -> 0.016055046 | AS32: =AR32*9.04 -> 0.14513761 | AT32: 14 | AU32: =AU28 -> 214 | AV32: =IF((AU32=0),0,AT32/AU32) -> 0.065420561 | AW32: =AV32*9.04 -> 0.59140187 | AX32: 6 | AY32: =AY28 -> 380 | AZ32: =IF((AY32=0),0,AX32/AY32) -> 0.015789474 | BA32: =AZ32*9.04 -> 0.14273684 | BB32: 13 | BC32: =BC28 -> 1208 | BD32: =IF((BC32=0),0,BB32/BC32) -> 0.010761589 | BE32: =BD32*9.04 -> 0.097284768 | BF32: 6 | BG32: =BG28 -> 450 | BH32: =IF((BG32=0),0,BF32/BG32) -> 0.013333333 | BI32: =BH32*9.04 -> 0.12053333 | BJ32: 6 | BK32: =BK28 -> 543 | BL32: =IF((BK32=0),0,BJ32/BK32) -> 0.011049724 | BM32: =BL32*9.04 -> 0.099889503 | BN32: 15 | BO32: =BO28 -> 1100 | BP32: =IF((BO32=0),0,BN32/BO32) -> 0.013636364 | BQ32: =BP32*9.04 -> 0.12327273 | BR32: 8 | BS32: =BS28 -> 440 | BT32: =IF((BS32=0),0,BR32/BS32) -> 0.018181818 | BU32: =BT32*9.04 -> 0.16436364 | BV32: 7 | BW32: =BW28 -> 374 | BX32: =IF((BW32=0),0,BV32/BW32) -> 0.018716578 | BY32: =BX32*9.04 -> 0.16919786 | BZ32: 4 | CA32: =CA28 -> 0 | CB32: =IF((CA32=0),0,BZ32/CA32) -> 0 | CC32: =CB32*9.04 -> 0 | CD32: 13 | CE32: =CE28 -> 1155 | CF32: =IF((CE32=0),0,CD32/CE32) -> 0.011255411 | CG32: =CF32*9.04 -> 0.10174892 | CH32: 3 | CI32: =CI28 -> 264 | CJ32: =IF((CI32=0),0,CH32/CI32) -> 0.011363636 | CK32: =CJ32*9.04 -> 0.10272727 | CL32: 11 | CM32: =CM28 -> 820 | CN32: =IF((CM32=0),0,CL32/CM32) -> 0.013414634 | CO32: =CN32*9.04 -> 0.12126829 | CP32: 16 | CQ32: =CQ28 -> 1440 | CR32: =IF((CQ32=0),0,CP32/CQ32) -> 0.011111111 | CS32: =CR32*9.04 -> 0.10044444 | CT32: 11 | CU32: =CU28 -> 890 | CV32: =IF((CU32=0),0,CT32/CU32) -> 0.012359551 | CW32: =CV32*9.04 -> 0.11173034 | CX32: 0 | CY32: =CY28 -> 0 | CZ32: =IF((CY32=0),0,CX32/CY32) -> 0 | DA32: =CZ32*9.04 -> 0 | DB32: 8 | DC32: =DC28 -> 700 | DD32: =IF((DC32=0),0,DB32/DC32) -> 0.011428571 | DE32: =DD32*9.04 -> 0.10331429 | DF32: 15 | DG32: =DG28 -> 980 | DH32: =IF((DG32=0),0,DF32/DG32) -> 0.015306122 | DI32: =DH32*9.04 -> 0.13836735 | DJ32: 0 | DK32: =DK28 -> 0 | DL32: =IF((DK32=0),0,DJ32/DK32) -> 0 | DM32: =DL32*9.04 -> 0 | DN32: 16 | DO32: =DO28 -> 995 | DP32: =IF((DO32=0),0,DN32/DO32) -> 0.016080402 | DQ32: =DP32*9.04 -> 0.14536683 | DR32: 3 | DS32: =DS28 -> 0 | DT32: =IF((DS32=0),0,DR32/DS32) -> 0 | DU32: =DT32*9.04 -> 0 | DW32: =DW28 -> 0 | DX32: =IF((DW32=0),0,DV32/DW32) -> 0 | DY32: =DX32*9.04 -> 0 | DZ32: =F32+J32+N32+R32+V32+Z32+AD32+AH32+AL32+AP32+AT32+AX32+BB32+BF32+BJ32+BN32+BR32+BV32+BZ32+CD32+CH32+CL32+CP32+CT32+CX32+DB32+DF32+DJ32+DN32+DR32+DV32 -> 257 | EA32: =G32+K32+O32+S32+W32+AA32+AI32+AM32+AQ32+AU32+AY32+BC32+BG32+BK32+BO32+BS32+BW32+CA32+CE32+CI32+CM32+CQ32+CU32+CY32+DC32+DG32+DK32+DO32+DS32+DW32 -> 17386 | EB32: =IF((EA32=0),0,DZ32/EA32) -> 0.014782009 | EC32: =EB32*9.04 -> 0.13362936
C33: 43 | D33: WHEEL FLANGE TURNING TT | F33: 0 | G33: =G30 -> 0 | H33: =IF((G33=0),0,F33/G33) -> 0 | I33: =H33*9.04 -> 0 | J33: 33 | K33: =K30 -> 0 | L33: =IF((K33=0),0,J33/K33) -> 0 | M33: =L33*9.04 -> 0 | N33: 30 | O33: =O30 -> 0 | P33: =IF((O33=0),0,N33/O33) -> 0 | Q33: =P33*9.04 -> 0 | R33: 10 | S33: =S30 -> 0 | T33: =IF((S33=0),0,R33/S33) -> 0 | U33: =T33*9.04 -> 0 | V33: 6 | W33: =W30 -> 0 | X33: =IF((W33=0),0,V33/W33) -> 0 | Y33: =X33*9.04 -> 0 | Z33: 0 | AA33: =AA30 -> 0 | AB33: =IF((AA33=0),0,Z33/AA33) -> 0 | AC33: =AB33*9.04 -> 0 | AD33: 10 | AE33: =AE30 -> 0 | AF33: =IF((AE33=0),0,AD33/AE33) -> 0 | AG33: =AF33*9.04 -> 0 | AH33: 8 | AI33: =AI30 -> 0 | AJ33: =IF((AI33=0),0,AH33/AI33) -> 0 | AK33: =AJ33*9.04 -> 0 | AL33: 6 | AM33: =AM30 -> 0 | AN33: =IF((AM33=0),0,AL33/AM33) -> 0 | AO33: =AN33*9.04 -> 0 | AP33: 6 | AQ33: =AQ30 -> 0 | AR33: =IF((AQ33=0),0,AP33/AQ33) -> 0 | AS33: =AR33*9.04 -> 0 | AT33: 10 | AU33: =AU30 -> 0 | AV33: =IF((AU33=0),0,AT33/AU33) -> 0 | AW33: =AV33*9.04 -> 0 | AX33: 7 | AY33: =AY30 -> 0 | AZ33: =IF((AY33=0),0,AX33/AY33) -> 0 | BA33: =AZ33*9.04 -> 0 | BB33: 9 | BC33: =BC30 -> 0 | BD33: =IF((BC33=0),0,BB33/BC33) -> 0 | BE33: =BD33*9.04 -> 0 | BF33: 5 | BG33: =BG30 -> 0 | BH33: =IF((BG33=0),0,BF33/BG33) -> 0 | BI33: =BH33*9.04 -> 0 | BJ33: 5 | BK33: =BK30 -> 0 | BL33: =IF((BK33=0),0,BJ33/BK33) -> 0 | BM33: =BL33*9.04 -> 0 | BN33: 18 | BO33: =BO30 -> 0 | BP33: =IF((BO33=0),0,BN33/BO33) -> 0 | BQ33: =BP33*9.04 -> 0 | BR33: 27 | BS33: =BS30 -> 0 | BT33: =IF((BS33=0),0,BR33/BS33) -> 0 | BU33: =BT33*9.04 -> 0 | BV33: 12 | BW33: =BW30 -> 0 | BX33: =IF((BW33=0),0,BV33/BW33) -> 0 | BY33: =BX33*9.04 -> 0 | BZ33: 30 | CA33: =CA30 -> 0 | CB33: =IF((CA33=0),0,BZ33/CA33) -> 0 | CC33: =CB33*9.04 -> 0 | CD33: 25 | CE33: =CE30 -> 0 | CF33: =IF((CE33=0),0,CD33/CE33) -> 0 | CG33: =CF33*9.04 -> 0 | CH33: 4 | CI33: =CI30 -> 0 | CJ33: =IF((CI33=0),0,CH33/CI33) -> 0 | CK33: =CJ33*9.04 -> 0 | CL33: 8 | CM33: =CM30 -> 0 | CN33: =IF((CM33=0),0,CL33/CM33) -> 0 | CO33: =CN33*9.04 -> 0 | CP33: 9 | CQ33: =CQ30 -> 0 | CR33: =IF((CQ33=0),0,CP33/CQ33) -> 0 | CS33: =CR33*9.04 -> 0 | CT33: 11 | CU33: =CU30 -> 0 | CV33: =IF((CU33=0),0,CT33/CU33) -> 0 | CW33: =CV33*9.04 -> 0 | CX33: 8 | CY33: =CY30 -> 0 | CZ33: =IF((CY33=0),0,CX33/CY33) -> 0 | DA33: =CZ33*9.04 -> 0 | DB33: 37 | DC33: =DC30 -> 0 | DD33: =IF((DC33=0),0,DB33/DC33) -> 0 | DE33: =DD33*9.04 -> 0 | DF33: 9 | DG33: =DG30 -> 0 | DH33: =IF((DG33=0),0,DF33/DG33) -> 0 | DI33: =DH33*9.04 -> 0 | DJ33: 7 | DK33: =DK30 -> 0 | DL33: =IF((DK33=0),0,DJ33/DK33) -> 0 | DM33: =DL33*9.04 -> 0 | DN33: 12 | DO33: =DO30 -> 0 | DP33: =IF((DO33=0),0,DN33/DO33) -> 0 | DQ33: =DP33*9.04 -> 0 | DR33: 6 | DS33: =DS30 -> 0 | DT33: =IF((DS33=0),0,DR33/DS33) -> 0 | DU33: =DT33*9.04 -> 0 | DW33: =DW30 -> 0 | DX33: =IF((DW33=0),0,DV33/DW33) -> 0 | DY33: =DX33*9.04 -> 0 | DZ33: =F33+J33+N33+R33+V33+Z33+AD33+AH33+AL33+AP33+AT33+AX33+BB33+BF33+BJ33+BN33+BR33+BV33+BZ33+CD33+CH33+CL33+CP33+CT33+CX33+DB33+DF33+DJ33+DN33+DR33+DV33 -> 368 | EA33: =G33+K33+O33+S33+W33+AA33+AI33+AM33+AQ33+AU33+AY33+BC33+BG33+BK33+BO33+BS33+BW33+CA33+CE33+CI33+CM33+CQ33+CU33+CY33+DC33+DG33+DK33+DO33+DS33+DW33 -> 0 | EB33: =IF((EA33=0),0,DZ33/EA33) -> 0 | EC33: =EB33*9.04 -> 0
D34: Total Wheeel Flange | F34: =SUM(F28:F33)+F3+F4+F9+F5 -> 7 | G34: =SUM(G28:G33)+G3+G4+G9+G5 -> 0 | H34: =SUM(H28:H33)+H3+H4+H9+H5 -> 0 | I34: =SUM(I28:I33)+I3+I4+I9+I5 -> 0 | J34: =SUM(J28:J33)+J3+J4+J9+J5 -> 1152 | K34: =SUM(K28:K33)+K3+K4+K9+K5 -> 5916 | L34: =SUM(L28:L33)+L3+L4+L9+L5 -> 1.4467969 | M34: =SUM(M28:M33)+M3+M4+M9+M5 -> 13.079044 | ... EC34: =SUM(EC28:EC33)+EC3+EC4+EC9+EC5 -> 8.4101159
C36: 45 | D36: TF TURNING TT | E36: Transimission Line | F36: 0 | G36: ='Production data'!B14 -> 0 | H36: =IF((G36=0),0,F36/G36) -> 0 | I36: =H36*9.04 -> 0 | J36: 0 | K36: ='Production data'!C14 -> 0 | L36: =IF((K36=0),0,J36/K36) -> 0 | M36: =L36*9.04 -> 0 | N36: 2 | O36: ='Production data'!D14 -> 0 | P36: =IF((O36=0),0,N36/O36) -> 0 | Q36: =P36*9.04 -> 0 | R36: 0 | S36: ='Production data'!E14 -> 0 | T36: =IF((S36=0),0,R36/S36) -> 0 | U36: =T36*9.04 -> 0 | V36: 9 | W36: ='Production data'!F14 -> 0 | X36: =IF((W36=0),0,V36/W36) -> 0 | Y36: =X36*9.04 -> 0 | Z36: 0 | AA36: ='Production data'!G14 -> 0 | AB36: =IF((AA36=0),0,Z36/AA36) -> 0 | AC36: =AB36*9.04 -> 0 | AD36: 0 | AE36: ='Production data'!H14 -> 0 | AF36: =IF((AE36=0),0,AD36/AE36) -> 0 | AG36: =AF36*9.04 -> 0 | AH36: 49 | AI36: ='Production data'!I14 -> 175 | AJ36: =IF((AI36=0),0,AH36/AI36) -> 0.28 | AK36: =AJ36*9.04 -> 2.5312 | AL36: 58 | AM36: ='Production data'!J14 -> 360 | AN36: =IF((AM36=0),0,AL36/AM36) -> 0.16111111 | AO36: =AN36*9.04 -> 1.4564444 | AP36: 24 | AQ36: ='Production data'!K14 -> 246 | AR36: =IF((AQ36=0),0,AP36/AQ36) -> 0.097560976 | AS36: =AR36*9.04 -> 0.88195122 | AT36: 6 | AU36: ='Production data'!L14 -> 0 | AV36: =IF((AU36=0),0,AT36/AU36) -> 0 | AW36: =AV36*9.04 -> 0 | AX36: 93 | AY36: ='Production data'!M14 -> 619 | AZ36: =IF((AY36=0),0,AX36/AY36) -> 0.15024233 | BA36: =AZ36*9.04 -> 1.3581906 | BB36: 50 | BC36: ='Production data'!N14 -> 0 | BD36: =IF((BC36=0),0,BB36/BC36) -> 0 | BE36: =BD36*9.04 -> 0 | BF36: 5 | BG36: ='Production data'!O14 -> 0 | BH36: =IF((BG36=0),0,BF36/BG36) -> 0 | BI36: =BH36*9.04 -> 0 | BJ36: 4 | BK36: ='Production data'!P14 -> 0 | BL36: =IF((BK36=0),0,BJ36/BK36) -> 0 | BM36: =BL36*9.04 -> 0 | BN36: 4 | BO36: ='Production data'!Q14 -> 0 | BP36: =IF((BO36=0),0,BN36/BO36) -> 0 | BQ36: =BP36*9.04 -> 0 | BR36: 80 | BS36: ='Production data'!R14 -> 593 | BT36: =IF((BS36=0),0,BR36/BS36) -> 0.13490725 | BU36: =BT36*9.04 -> 1.2195616 | BV36: 78 | BW36: ='Production data'!S14 -> 400 | BX36: =IF((BW36=0),0,BV36/BW36) -> 0.195 | BY36: =BX36*9.04 -> 1.7628 | BZ36: 77 | CA36: ='Production data'!T14 -> 460 | CB36: =IF((CA36=0),0,BZ36/CA36) -> 0.1673913 | CC36: =CB36*9.04 -> 1.5132174 | CD36: 7 | CE36: ='Production data'!U14 -> 204 | CF36: =IF((CE36=0),0,CD36/CE36) -> 0.034313725 | CG36: =CF36*9.04 -> 0.31019608 | CH36: 0 | CI36: ='Production data'!V14 -> 0 | CJ36: =IF((CI36=0),0,CH36/CI36) -> 0 | CK36: =CJ36*9.04 -> 0 | CL36: 5 | CM36: ='Production data'!W14 -> 105 | CN36: =IF((CM36=0),0,CL36/CM36) -> 0.047619048 | CO36: =CN36*9.04 -> 0.43047619 | CP36: 6 | CQ36: ='Production data'!X14 -> 213 | CR36: =IF((CQ36=0),0,CP36/CQ36) -> 0.028169014 | CS36: =CR36*9.04 -> 0.25464789 | CT36: 6 | CU36: ='Production data'!Y14 -> 0 | CV36: =IF((CU36=0),0,CT36/CU36) -> 0 | CW36: =CV36*9.04 -> 0 | CX36: 7 | CY36: ='Production data'!Z14 -> 0 | CZ36: =IF((CY36=0),0,CX36/CY36) -> 0 | DA36: =CZ36*9.04 -> 0 | DB36: 7 | DC36: ='Production data'!AA14 -> 0 | DD36: =IF((DC36=0),0,DB36/DC36) -> 0 | DE36: =DD36*9.04 -> 0 | DF36: 6 | DG36: ='Production data'!AB14 -> 0 | DH36: =IF((DG36=0),0,DF36/DG36) -> 0 | DI36: =DH36*9.04 -> 0 | DJ36: 0 | DK36: ='Production data'!AC14 -> 0 | DL36: =IF((DK36=0),0,DJ36/DK36) -> 0 | DM36: =DL36*9.04 -> 0 | DN36: 9 | DO36: ='Production data'!AD14 -> 0 | DP36: =IF((DO36=0),0,DN36/DO36) -> 0 | DQ36: =DP36*9.04 -> 0 | DR36: 4 | DS36: ='Production data'!AE14 -> 0 | DT36: =IF((DS36=0),0,DR36/DS36) -> 0 | DU36: =DT36*9.04 -> 0 | DW36: ='Production data'!AF14 -> 0 | DX36: =IF((DW36=0),0,DV36/DW36) -> 0 | DY36: =DX36*9.04 -> 0 | DZ36: =F36+J36+N36+R36+V36+Z36+AD36+AH36+AL36+AP36+AT36+AX36+BB36+BF36+BJ36+BN36+BR36+BV36+BZ36+CD36+CH36+CL36+CP36+CT36+CX36+DB36+DF36+DJ36+DN36+DR36+DV36 -> 596 | EA36: =G36+K36+O36+S36+W36+AA36+AI36+AM36+AQ36+AU36+AY36+BC36+BG36+BK36+BO36+BS36+BW36+CA36+CE36+CI36+CM36+CQ36+CU36+CY36+DC36+DG36+DK36+DO36+DS36+DW36 -> 3375 | EB36: =IF((EA36=0),0,DZ36/EA36) -> 0.17659259 | EC36: =EB36*9.04 -> 1.596397
C37: 46 | D37: TF GANTRY | F37: 0 | G37: =G36 -> 0 | H37: =IF((G37=0),0,F37/G37) -> 0 | I37: =H37*9.04 -> 0 | J37: 7 | K37: =K36 -> 0 | L37: =IF((K37=0),0,J37/K37) -> 0 | M37: =L37*9.04 -> 0 | N37: 13 | O37: =O36 -> 0 | P37: =IF((O37=0),0,N37/O37) -> 0 | Q37: =P37*9.04 -> 0 | R37: 14 | S37: =S36 -> 0 | T37: =IF((S37=0),0,R37/S37) -> 0 | U37: =T37*9.04 -> 0 | V37: 14 | W37: =W36 -> 0 | X37: =IF((W37=0),0,V37/W37) -> 0 | Y37: =X37*9.04 -> 0 | Z37: 0 | AA37: =AA36 -> 0 | AB37: =IF((AA37=0),0,Z37/AA37) -> 0 | AC37: =AB37*9.04 -> 0 | AD37: 0 | AE37: =AE36 -> 0 | AF37: =IF((AE37=0),0,AD37/AE37) -> 0 | AG37: =AF37*9.04 -> 0 | AH37: 8 | AI37: =AI36 -> 175 | AJ37: =IF((AI37=0),0,AH37/AI37) -> 0.045714286 | AK37: =AJ37*9.04 -> 0.41325714 | AL37: 11 | AM37: =AM36 -> 360 | AN37: =IF((AM37=0),0,AL37/AM37) -> 0.030555556 | AO37: =AN37*9.04 -> 0.27622222 | AP37: 18 | AQ37: =AQ36 -> 246 | AR37: =IF((AQ37=0),0,AP37/AQ37) -> 0.073170732 | AS37: =AR37*9.04 -> 0.66146341 | AT37: 5 | AU37: =AU36 -> 0 | AV37: =IF((AU37=0),0,AT37/AU37) -> 0 | AW37: =AV37*9.04 -> 0 | AX37: 24 | AY37: =AY36 -> 619 | AZ37: =IF((AY37=0),0,AX37/AY37) -> 0.038772213 | BA37: =AZ37*9.04 -> 0.35050081 | BB37: 15 | BC37: =BC36 -> 0 | BD37: =IF((BC37=0),0,BB37/BC37) -> 0 | BE37: =BD37*9.04 -> 0 | BF37: 16 | BG37: =BG36 -> 0 | BH37: =IF((BG37=0),0,BF37/BG37) -> 0 | BI37: =BH37*9.04 -> 0 | BJ37: 13 | BK37: =BK36 -> 0 | BL37: =IF((BK37=0),0,BJ37/BK37) -> 0 | BM37: =BL37*9.04 -> 0 | BN37: 13 | BO37: =BO36 -> 0 | BP37: =IF((BO37=0),0,BN37/BO37) -> 0 | BQ37: =BP37*9.04 -> 0 | BR37: 13 | BS37: =BS36 -> 593 | BT37: =IF((BS37=0),0,BR37/BS37) -> 0.021922428 | BU37: =BT37*9.04 -> 0.19817875 | BV37: 14 | BW37: =BW36 -> 400 | BX37: =IF((BW37=0),0,BV37/BW37) -> 0.035 | BY37: =BX37*9.04 -> 0.3164 | BZ37: 14 | CA37: =CA36 -> 460 | CB37: =IF((CA37=0),0,BZ37/CA37) -> 0.030434783 | CC37: =CB37*9.04 -> 0.27513043 | CD37: 14 | CE37: =CE36 -> 204 | CF37: =IF((CE37=0),0,CD37/CE37) -> 0.068627451 | CG37: =CF37*9.04 -> 0.62039216 | CH37: 1 | CI37: =CI36 -> 0 | CJ37: =IF((CI37=0),0,CH37/CI37) -> 0 | CK37: =CJ37*9.04 -> 0 | CL37: 11 | CM37: =CM36 -> 105 | CN37: =IF((CM37=0),0,CL37/CM37) -> 0.1047619 | CO37: =CN37*9.04 -> 0.94704762 | CP37: 17 | CQ37: =CQ36 -> 213 | CR37: =IF((CQ37=0),0,CP37/CQ37) -> 0.079812207 | CS37: =CR37*9.04 -> 0.72150235 | CT37: 19 | CU37: =CU36 -> 0 | CV37: =IF((CU37=0),0,CT37/CU37) -> 0 | CW37: =CV37*9.04 -> 0 | CX37: 15 | CY37: =CY36 -> 0 | CZ37: =IF((CY37=0),0,CX37/CY37) -> 0 | DA37: =CZ37*9.04 -> 0 | DB37: 16 | DC37: =DC36 -> 0 | DD37: =IF((DC37=0),0,DB37/DC37) -> 0 | DE37: =DD37*9.04 -> 0 | DF37: 15 | DG37: =DG36 -> 0 | DH37: =IF((DG37=0),0,DF37/DG37) -> 0 | DI37: =DH37*9.04 -> 0 | DJ37: 19 | DK37: =DK36 -> 0 | DL37: =IF((DK37=0),0,DJ37/DK37) -> 0 | DM37: =DL37*9.04 -> 0 | DN37: 14 | DO37: =DO36 -> 0 | DP37: =IF((DO37=0),0,DN37/DO37) -> 0 | DQ37: =DP37*9.04 -> 0 | DR37: 16 | DS37: =DS36 -> 0 | DT37: =IF((DS37=0),0,DR37/DS37) -> 0 | DU37: =DT37*9.04 -> 0 | DW37: =DW36 -> 0 | DX37: =IF((DW37=0),0,DV37/DW37) -> 0 | DY37: =DX37*9.04 -> 0 | DZ37: =F37+J37+N37+R37+V37+Z37+AD37+AH37+AL37+AP37+AT37+AX37+BB37+BF37+BJ37+BN37+BR37+BV37+BZ37+CD37+CH37+CL37+CP37+CT37+CX37+DB37+DF37+DJ37+DN37+DR37+DV37 -> 369 | EA37: =G37+K37+O37+S37+W37+AA37+AI37+AM37+AQ37+AU37+AY37+BC37+BG37+BK37+BO37+BS37+BW37+CA37+CE37+CI37+CM37+CQ37+CU37+CY37+DC37+DG37+DK37+DO37+DS37+DW37 -> 3375 | EB37: =IF((EA37=0),0,DZ37/EA37) -> 0.10933333 | EC37: =EB37*9.04 -> 0.98837333
C38: 47 | D38: TF TURNING SMARTER | F38: 0 | G38: =G37 -> 0 | H38: =IF((G38=0),0,F38/G38) -> 0 | I38: =H38*9.04 -> 0 | J38: 0 | K38: =K37 -> 0 | L38: =IF((K38=0),0,J38/K38) -> 0 | M38: =L38*9.04 -> 0 | N38: 0 | O38: =O37 -> 0 | P38: =IF((O38=0),0,N38/O38) -> 0 | Q38: =P38*9.04 -> 0 | R38: 0 | S38: =S37 -> 0 | T38: =IF((S38=0),0,R38/S38) -> 0 | U38: =T38*9.04 -> 0 | V38: 0 | W38: =W37 -> 0 | X38: =IF((W38=0),0,V38/W38) -> 0 | Y38: =X38*9.04 -> 0 | Z38: 0 | AA38: =AA37 -> 0 | AB38: =IF((AA38=0),0,Z38/AA38) -> 0 | AC38: =AB38*9.04 -> 0 | AD38: 0 | AE38: =AE37 -> 0 | AF38: =IF((AE38=0),0,AD38/AE38) -> 0 | AG38: =AF38*9.04 -> 0 | AH38: 2 | AI38: =AI37 -> 175 | AJ38: =IF((AI38=0),0,AH38/AI38) -> 0.011428571 | AK38: =AJ38*9.04 -> 0.10331429 | AL38: 27 | AM38: =AM37 -> 360 | AN38: =IF((AM38=0),0,AL38/AM38) -> 0.075 | AO38: =AN38*9.04 -> 0.678 | AP38: 40 | AQ38: =AQ37 -> 246 | AR38: =IF((AQ38=0),0,AP38/AQ38) -> 0.16260163 | AS38: =AR38*9.04 -> 1.4699187 | AT38: 4 | AU38: =AU37 -> 0 | AV38: =IF((AU38=0),0,AT38/AU38) -> 0 | AW38: =AV38*9.04 -> 0 | AX38: 43 | AY38: =AY37 -> 619 | AZ38: =IF((AY38=0),0,AX38/AY38) -> 0.069466882 | BA38: =AZ38*9.04 -> 0.62798061 | BB38: 23 | BC38: =BC37 -> 0 | BD38: =IF((BC38=0),0,BB38/BC38) -> 0 | BE38: =BD38*9.04 -> 0 | BF38: 2 | BG38: =BG37 -> 0 | BH38: =IF((BG38=0),0,BF38/BG38) -> 0 | BI38: =BH38*9.04 -> 0 | BJ38: 26 | BK38: =BK37 -> 0 | BL38: =IF((BK38=0),0,BJ38/BK38) -> 0 | BM38: =BL38*9.04 -> 0 | BN38: 26 | BO38: =BO37 -> 0 | BP38: =IF((BO38=0),0,BN38/BO38) -> 0 | BQ38: =BP38*9.04 -> 0 | BR38: 31 | BS38: =BS37 -> 593 | BT38: =IF((BS38=0),0,BR38/BS38) -> 0.05227656 | BU38: =BT38*9.04 -> 0.4725801 | BV38: 39 | BW38: =BW37 -> 400 | BX38: =IF((BW38=0),0,BV38/BW38) -> 0.0975 | BY38: =BX38*9.04 -> 0.8814 | BZ38: 46 | CA38: =CA37 -> 460 | CB38: =IF((CA38=0),0,BZ38/CA38) -> 0.1 | CC38: =CB38*9.04 -> 0.904 | CD38: 30 | CE38: =CE37 -> 204 | CF38: =IF((CE38=0),0,CD38/CE38) -> 0.14705882 | CG38: =CF38*9.04 -> 1.3294118 | CH38: 0 | CI38: =CI37 -> 0 | CJ38: =IF((CI38=0),0,CH38/CI38) -> 0 | CK38: =CJ38*9.04 -> 0 | CL38: 16 | CM38: =CM37 -> 105 | CN38: =IF((CM38=0),0,CL38/CM38) -> 0.15238095 | CO38: =CN38*9.04 -> 1.3775238 | CP38: 26 | CQ38: =CQ37 -> 213 | CR38: =IF((CQ38=0),0,CP38/CQ38) -> 0.12206573 | CS38: =CR38*9.04 -> 1.1034742 | CT38: 0 | CU38: =CU37 -> 0 | CV38: =IF((CU38=0),0,CT38/CU38) -> 0 | CW38: =CV38*9.04 -> 0 | CX38: 1 | CY38: =CY37 -> 0 | CZ38: =IF((CY38=0),0,CX38/CY38) -> 0 | DA38: =CZ38*9.04 -> 0 | DB38: 0 | DC38: =DC37 -> 0 | DD38: =IF((DC38=0),0,DB38/DC38) -> 0 | DE38: =DD38*9.04 -> 0 | DF38: 0 | DG38: =DG37 -> 0 | DH38: =IF((DG38=0),0,DF38/DG38) -> 0 | DI38: =DH38*9.04 -> 0 | DJ38: 0 | DK38: =DK37 -> 0 | DL38: =IF((DK38=0),0,DJ38/DK38) -> 0 | DM38: =DL38*9.04 -> 0 | DN38: 0 | DO38: =DO37 -> 0 | DP38: =IF((DO38=0),0,DN38/DO38) -> 0 | DQ38: =DP38*9.04 -> 0 | DR38: 0 | DS38: =DS37 -> 0 | DT38: =IF((DS38=0),0,DR38/DS38) -> 0 | DU38: =DT38*9.04 -> 0 | DW38: =DW37 -> 0 | DX38: =IF((DW38=0),0,DV38/DW38) -> 0 | DY38: =DX38*9.04 -> 0 | DZ38: =F38+J38+N38+R38+V38+Z38+AD38+AH38+AL38+AP38+AT38+AX38+BB38+BF38+BJ38+BN38+BR38+BV38+BZ38+CD38+CH38+CL38+CP38+CT38+CX38+DB38+DF38+DJ38+DN38+DR38+DV38 -> 382 | EA38: =G38+K38+O38+S38+W38+AA38+AI38+AM38+AQ38+AU38+AY38+BC38+BG38+BK38+BO38+BS38+BW38+CA38+CE38+CI38+CM38+CQ38+CU38+CY38+DC38+DG38+DK38+DO38+DS38+DW38 -> 3375 | EB38: =IF((EA38=0),0,DZ38/EA38) -> 0.11318519 | EC38: =EB38*9.04 -> 1.0231941
C39: 51 | D39: TF BROACHING MACHINE | F39: 0 | G39: =G38 -> 0 | H39: =IF((G39=0),0,F39/G39) -> 0 | I39: =H39*9.04 -> 0 | J39: 12 | K39: =K38 -> 0 | L39: =IF((K39=0),0,J39/K39) -> 0 | M39: =L39*9.04 -> 0 | N39: 24 | O39: =O38 -> 0 | P39: =IF((O39=0),0,N39/O39) -> 0 | Q39: =P39*9.04 -> 0 | R39: 20 | S39: =S38 -> 0 | T39: =IF((S39=0),0,R39/S39) -> 0 | U39: =T39*9.04 -> 0 | V39: 13 | W39: =W38 -> 0 | X39: =IF((W39=0),0,V39/W39) -> 0 | Y39: =X39*9.04 -> 0 | Z39: 0 | AA39: =AA38 -> 0 | AB39: =IF((AA39=0),0,Z39/AA39) -> 0 | AC39: =AB39*9.04 -> 0 | AD39: 0 | AE39: =AE38 -> 0 | AF39: =IF((AE39=0),0,AD39/AE39) -> 0 | AG39: =AF39*9.04 -> 0 | AH39: 22 | AI39: =AI38 -> 175 | AJ39: =IF((AI39=0),0,AH39/AI39) -> 0.12571429 | AK39: =AJ39*9.04 -> 1.1364571 | AL39: 22 | AM39: =AM38 -> 360 | AN39: =IF((AM39=0),0,AL39/AM39) -> 0.061111111 | AO39: =AN39*9.04 -> 0.55244444 | AP39: 22 | AQ39: =AQ38 -> 246 | AR39: =IF((AQ39=0),0,AP39/AQ39) -> 0.089430894 | AS39: =AR39*9.04 -> 0.80845528 | AT39: 15 | AU39: =AU38 -> 0 | AV39: =IF((AU39=0),0,AT39/AU39) -> 0 | AW39: =AV39*9.04 -> 0 | AX39: 36 | AY39: =AY38 -> 619 | AZ39: =IF((AY39=0),0,AX39/AY39) -> 0.05815832 | BA39: =AZ39*9.04 -> 0.52575121 | BB39: 21 | BC39: =BC38 -> 0 | BD39: =IF((BC39=0),0,BB39/BC39) -> 0 | BE39: =BD39*9.04 -> 0 | BF39: 8 | BG39: =BG38 -> 0 | BH39: =IF((BG39=0),0,BF39/BG39) -> 0 | BI39: =BH39*9.04 -> 0 | BJ39: 15 | BK39: =BK38 -> 0 | BL39: =IF((BK39=0),0,BJ39/BK39) -> 0 | BM39: =BL39*9.04 -> 0 | BN39: 17 | BO39: =BO38 -> 0 | BP39: =IF((BO39=0),0,BN39/BO39) -> 0 | BQ39: =BP39*9.04 -> 0 | BR39: 20 | BS39: =BS38 -> 593 | BT39: =IF((BS39=0),0,BR39/BS39) -> 0.033726813 | BU39: =BT39*9.04 -> 0.30489039 | BV39: 20 | BW39: =BW38 -> 400 | BX39: =IF((BW39=0),0,BV39/BW39) -> 0.05 | BY39: =BX39*9.04 -> 0.452 | BZ39: 22 | CA39: =CA38 -> 460 | CB39: =IF((CA39=0),0,BZ39/CA39) -> 0.047826087 | CC39: =CB39*9.04 -> 0.43234783 | CD39: 22 | CE39: =CE38 -> 204 | CF39: =IF((CE39=0),0,CD39/CE39) -> 0.10784314 | CG39: =CF39*9.04 -> 0.97490196 | CH39: 1 | CI39: =CI38 -> 0 | CJ39: =IF((CI39=0),0,CH39/CI39) -> 0 | CK39: =CJ39*9.04 -> 0 | CL39: 17 | CM39: =CM38 -> 105 | CN39: =IF((CM39=0),0,CL39/CM39) -> 0.16190476 | CO39: =CN39*9.04 -> 1.463619 | CP39: 20 | CQ39: =CQ38 -> 213 | CR39: =IF((CQ39=0),0,CP39/CQ39) -> 0.093896714 | CS39: =CR39*9.04 -> 0.84882629 | CT39: 28 | CU39: =CU38 -> 0 | CV39: =IF((CU39=0),0,CT39/CU39) -> 0 | CW39: =CV39*9.04 -> 0 | CX39: 19 | CY39: =CY38 -> 0 | CZ39: =IF((CY39=0),0,CX39/CY39) -> 0 | DA39: =CZ39*9.04 -> 0 | DB39: 17 | DC39: =DC38 -> 0 | DD39: =IF((DC39=0),0,DB39/DC39) -> 0 | DE39: =DD39*9.04 -> 0 | DF39: 5 | DG39: =DG38 -> 0 | DH39: =IF((DG39=0),0,DF39/DG39) -> 0 | DI39: =DH39*9.04 -> 0 | DJ39: 0 | DK39: =DK38 -> 0 | DL39: =IF((DK39=0),0,DJ39/DK39) -> 0 | DM39: =DL39*9.04 -> 0 | DN39: 21 | DO39: =DO38 -> 0 | DP39: =IF((DO39=0),0,DN39/DO39) -> 0 | DQ39: =DP39*9.04 -> 0 | DR39: 5 | DS39: =DS38 -> 0 | DT39: =IF((DS39=0),0,DR39/DS39) -> 0 | DU39: =DT39*9.04 -> 0 | DW39: =DW38 -> 0 | DX39: =IF((DW39=0),0,DV39/DW39) -> 0 | DY39: =DX39*9.04 -> 0 | DZ39: =F39+J39+N39+R39+V39+Z39+AD39+AH39+AL39+AP39+AT39+AX39+BB39+BF39+BJ39+BN39+BR39+BV39+BZ39+CD39+CH39+CL39+CP39+CT39+CX39+DB39+DF39+DJ39+DN39+DR39+DV39 -> 464 | EA39: =G39+K39+O39+S39+W39+AA39+AI39+AM39+AQ39+AU39+AY39+BC39+BG39+BK39+BO39+BS39+BW39+CA39+CE39+CI39+CM39+CQ39+CU39+CY39+DC39+DG39+DK39+DO39+DS39+DW39 -> 3375 | EB39: =IF((EA39=0),0,DZ39/EA39) -> 0.13748148 | EC39: =EB39*9.04 -> 1.2428326
C40: 53 | D40: TF WASHING MACHINE | F40: 0 | G40: =G39 -> 0 | H40: =IF((G40=0),0,F40/G40) -> 0 | I40: =H40*9.04 -> 0 | J40: 26 | K40: =K39 -> 0 | L40: =IF((K40=0),0,J40/K40) -> 0 | M40: =L40*9.04 -> 0 | N40: 30 | O40: =O39 -> 0 | P40: =IF((O40=0),0,N40/O40) -> 0 | Q40: =P40*9.04 -> 0 | R40: 51 | S40: =S39 -> 0 | T40: =IF((S40=0),0,R40/S40) -> 0 | U40: =T40*9.04 -> 0 | V40: 57 | W40: =W39 -> 0 | X40: =IF((W40=0),0,V40/W40) -> 0 | Y40: =X40*9.04 -> 0 | Z40: 1 | AA40: =AA39 -> 0 | AB40: =IF((AA40=0),0,Z40/AA40) -> 0 | AC40: =AB40*9.04 -> 0 | AD40: 34 | AE40: =AE39 -> 0 | AF40: =IF((AE40=0),0,AD40/AE40) -> 0 | AG40: =AF40*9.04 -> 0 | AH40: 22 | AI40: =AI39 -> 175 | AJ40: =IF((AI40=0),0,AH40/AI40) -> 0.12571429 | AK40: =AJ40*9.04 -> 1.1364571 | AL40: 30 | AM40: =AM39 -> 360 | AN40: =IF((AM40=0),0,AL40/AM40) -> 0.083333333 | AO40: =AN40*9.04 -> 0.75333333 | AP40: 22 | AQ40: =AQ39 -> 246 | AR40: =IF((AQ40=0),0,AP40/AQ40) -> 0.089430894 | AS40: =AR40*9.04 -> 0.80845528 | AT40: 34 | AU40: =AU39 -> 0 | AV40: =IF((AU40=0),0,AT40/AU40) -> 0 | AW40: =AV40*9.04 -> 0 | AX40: 7 | AY40: =AY39 -> 619 | AZ40: =IF((AY40=0),0,AX40/AY40) -> 0.011308562 | BA40: =AZ40*9.04 -> 0.1022294 | BB40: 35 | BC40: =BC39 -> 0 | BD40: =IF((BC40=0),0,BB40/BC40) -> 0 | BE40: =BD40*9.04 -> 0 | BF40: 15 | BG40: =BG39 -> 0 | BH40: =IF((BG40=0),0,BF40/BG40) -> 0 | BI40: =BH40*9.04 -> 0 | BJ40: 26 | BK40: =BK39 -> 0 | BL40: =IF((BK40=0),0,BJ40/BK40) -> 0 | BM40: =BL40*9.04 -> 0 | BN40: 23 | BO40: =BO39 -> 0 | BP40: =IF((BO40=0),0,BN40/BO40) -> 0 | BQ40: =BP40*9.04 -> 0 | BR40: 27 | BS40: =BS39 -> 593 | BT40: =IF((BS40=0),0,BR40/BS40) -> 0.045531197 | BU40: =BT40*9.04 -> 0.41160202 | BV40: 25 | BW40: =BW39 -> 400 | BX40: =IF((BW40=0),0,BV40/BW40) -> 0.0625 | BY40: =BX40*9.04 -> 0.565 | BZ40: 50 | CA40: =CA39 -> 460 | CB40: =IF((CA40=0),0,BZ40/CA40) -> 0.10869565 | CC40: =CB40*9.04 -> 0.9826087 | CD40: 41 | CE40: =CE39 -> 204 | CF40: =IF((CE40=0),0,CD40/CE40) -> 0.20098039 | CG40: =CF40*9.04 -> 1.8168627 | CH40: 11 | CI40: =CI39 -> 0 | CJ40: =IF((CI40=0),0,CH40/CI40) -> 0 | CK40: =CJ40*9.04 -> 0 | CL40: 27 | CM40: =CM39 -> 105 | CN40: =IF((CM40=0),0,CL40/CM40) -> 0.25714286 | CO40: =CN40*9.04 -> 2.3245714 | CP40: 33 | CQ40: =CQ39 -> 213 | CR40: =IF((CQ40=0),0,CP40/CQ40) -> 0.15492958 | CS40: =CR40*9.04 -> 1.4005634 | CT40: 41 | CU40: =CU39 -> 0 | CV40: =IF((CU40=0),0,CT40/CU40) -> 0 | CW40: =CV40*9.04 -> 0 | CX40: 42 | CY40: =CY39 -> 0 | CZ40: =IF((CY40=0),0,CX40/CY40) -> 0 | DA40: =CZ40*9.04 -> 0 | DB40: 32 | DC40: =DC39 -> 0 | DD40: =IF((DC40=0),0,DB40/DC40) -> 0 | DE40: =DD40*9.04 -> 0 | DF40: 37 | DG40: =DG39 -> 0 | DH40: =IF((DG40=0),0,DF40/DG40) -> 0 | DI40: =DH40*9.04 -> 0 | DJ40: 27 | DK40: =DK39 -> 0 | DL40: =IF((DK40=0),0,DJ40/DK40) -> 0 | DM40: =DL40*9.04 -> 0 | DN40: 38 | DO40: =DO39 -> 0 | DP40: =IF((DO40=0),0,DN40/DO40) -> 0 | DQ40: =DP40*9.04 -> 0 | DR40: 6 | DS40: =DS39 -> 0 | DT40: =IF((DS40=0),0,DR40/DS40) -> 0 | DU40: =DT40*9.04 -> 0 | DW40: =DW39 -> 0 | DX40: =IF((DW40=0),0,DV40/DW40) -> 0 | DY40: =DX40*9.04 -> 0 | DZ40: =F40+J40+N40+R40+V40+Z40+AD40+AH40+AL40+AP40+AT40+AX40+BB40+BF40+BJ40+BN40+BR40+BV40+BZ40+CD40+CH40+CL40+CP40+CT40+CX40+DB40+DF40+DJ40+DN40+DR40+DV40 -> 850 | EA40: =G40+K40+O40+S40+W40+AA40+AI40+AM40+AQ40+AU40+AY40+BC40+BG40+BK40+BO40+BS40+BW40+CA40+CE40+CI40+CM40+CQ40+CU40+CY40+DC40+DG40+DK40+DO40+DS40+DW40 -> 3375 | EB40: =IF((EA40=0),0,DZ40/EA40) -> 0.25185185 | EC40: =EB40*9.04 -> 2.2767407
D41: Total TF | F41: =SUM(F36:F40)+F3+F4+F9 -> 6 | G41: =SUM(G36:G40)+G3+G4+G9 -> 0 | H41: =SUM(H36:H40)+H3+H4+H9 -> 0 | I41: =SUM(I36:I40)+I3+I4+I9 -> 0 | J41: =SUM(J36:J40)+J3+J4+J9 -> 1087 | K41: =SUM(K36:K40)+K3+K4+K9 -> 2298 | L41: =SUM(L36:L40)+L3+L4+L9 -> 1.3547781 | M41: =SUM(M36:M40)+M3+M4+M9 -> 12.247194 | ... EC41: =SUM(EC36:EC40)+EC3+EC4+EC9 -> 14.728495
C42: 28 | D42: ASSEMBLY LINE | E42: Main Assembly line | F42: 9 | G42: ='Production data'!B15 -> 0 | H42: =IF((G42=0),0,F42/G42) -> 0 | I42: =H42*9.04 -> 0 | J42: 16 | K42: ='Production data'!C15 -> 0 | L42: =IF((K42=0),0,J42/K42) -> 0 | M42: =L42*9.04 -> 0 | N42: 72 | O42: ='Production data'!D15 -> 597 | P42: =IF((O42=0),0,N42/O42) -> 0.12060302 | Q42: =P42*9.04 -> 1.0902513 | R42: 80 | S42: ='Production data'!E15 -> 628 | T42: =IF((S42=0),0,R42/S42) -> 0.12738854 | U42: =T42*9.04 -> 1.1515924 | V42: 77 | W42: ='Production data'!F15 -> 913 | X42: =IF((W42=0),0,V42/W42) -> 0.084337349 | Y42: =X42*9.04 -> 0.76240964 | Z42: 2 | AA42: ='Production data'!G15 -> 0 | AB42: =IF((AA42=0),0,Z42/AA42) -> 0 | AC42: =AB42*9.04 -> 0 | AD42: 52 | AE42: ='Production data'!H15 -> 523 | AF42: =IF((AE42=0),0,AD42/AE42) -> 0.099426386 | AG42: =AF42*9.04 -> 0.89881453 | AH42: 17 | AI42: ='Production data'!I15 -> 0 | AJ42: =IF((AI42=0),0,AH42/AI42) -> 0 | AK42: =AJ42*9.04 -> 0 | AL42: 75 | AM42: ='Production data'!J15 -> 1004 | AN42: =IF((AM42=0),0,AL42/AM42) -> 0.074701195 | AO42: =AN42*9.04 -> 0.6752988 | AP42: 82 | AQ42: ='Production data'!K15 -> 1157 | AR42: =IF((AQ42=0),0,AP42/AQ42) -> 0.070872947 | AS42: =AR42*9.04 -> 0.64069144 | AT42: 76 | AU42: ='Production data'!L15 -> 0 | AV42: =IF((AU42=0),0,AT42/AU42) -> 0 | AW42: =AV42*9.04 -> 0 | AX42: 74 | AY42: ='Production data'!M15 -> 1046 | AZ42: =IF((AY42=0),0,AX42/AY42) -> 0.070745698 | BA42: =AZ42*9.04 -> 0.63954111 | BB42: 69 | BC42: ='Production data'!N15 -> 0 | BD42: =IF((BC42=0),0,BB42/BC42) -> 0 | BE42: =BD42*9.04 -> 0 | BF42: 7 | BG42: ='Production data'!O15 -> 744 | BH42: =IF((BG42=0),0,BF42/BG42) -> 0.0094086022 | BI42: =BH42*9.04 -> 0.085053763 | BJ42: 72 | BK42: ='Production data'!P15 -> 1089 | BL42: =IF((BK42=0),0,BJ42/BK42) -> 0.066115702 | BM42: =BL42*9.04 -> 0.59768595 | BN42: 70 | BO42: ='Production data'!Q15 -> 1083 | BP42: =IF((BO42=0),0,BN42/BO42) -> 0.064635272 | BQ42: =BP42*9.04 -> 0.58430286 | BR42: 68 | BS42: ='Production data'!R15 -> 960 | BT42: =IF((BS42=0),0,BR42/BS42) -> 0.070833333 | BU42: =BT42*9.04 -> 0.64033333 | BV42: 73 | BW42: ='Production data'!S15 -> 958 | BX42: =IF((BW42=0),0,BV42/BW42) -> 0.076200418 | BY42: =BX42*9.04 -> 0.68885177 | BZ42: 64 | CA42: ='Production data'!T15 -> 345 | CB42: =IF((CA42=0),0,BZ42/CA42) -> 0.18550725 | CC42: =CB42*9.04 -> 1.6769855 | CD42: 71 | CE42: ='Production data'!U15 -> 801 | CF42: =IF((CE42=0),0,CD42/CE42) -> 0.088639201 | CG42: =CF42*9.04 -> 0.80129838 | CH42: 4 | CI42: ='Production data'!V15 -> 0 | CJ42: =IF((CI42=0),0,CH42/CI42) -> 0 | CK42: =CJ42*9.04 -> 0 | CL42: 65 | CM42: ='Production data'!W15 -> 1235 | CN42: =IF((CM42=0),0,CL42/CM42) -> 0.052631579 | CO42: =CN42*9.04 -> 0.47578947 | CP42: 64 | CQ42: ='Production data'!X15 -> 1167 | CR42: =IF((CQ42=0),0,CP42/CQ42) -> 0.054841474 | CS42: =CR42*9.04 -> 0.49576692 | CT42: 59 | CU42: ='Production data'!Y15 -> 925 | CV42: =IF((CU42=0),0,CT42/CU42) -> 0.063783784 | CW42: =CV42*9.04 -> 0.57660541 | CX42: 34 | CY42: ='Production data'!Z15 -> 400 | CZ42: =IF((CY42=0),0,CX42/CY42) -> 0.085 | DA42: =CZ42*9.04 -> 0.7684 | DB42: 32 | DC42: ='Production data'!AA15 -> 517 | DD42: =IF((DC42=0),0,DB42/DC42) -> 0.061895551 | DE42: =DD42*9.04 -> 0.55953578 | DF42: 68 | DG42: ='Production data'!AB15 -> 1125 | DH42: =IF((DG42=0),0,DF42/DG42) -> 0.060444444 | DI42: =DH42*9.04 -> 0.54641778 | DJ42: 62 | DK42: ='Production data'!AC15 -> 1063 | DL42: =IF((DK42=0),0,DJ42/DK42) -> 0.058325494 | DM42: =DL42*9.04 -> 0.52726246 | DN42: 75 | DO42: ='Production data'!AD15 -> 764 | DP42: =IF((DO42=0),0,DN42/DO42) -> 0.098167539 | DQ42: =DP42*9.04 -> 0.88743455 | DR42: 62 | DS42: ='Production data'!AE15 -> 684 | DT42: =IF((DS42=0),0,DR42/DS42) -> 0.090643275 | DU42: =DT42*9.04 -> 0.8194152 | DW42: ='Production data'!AF15 -> 0 | DX42: =IF((DW42=0),0,DV42/DW42) -> 0 | DY42: =DX42*9.04 -> 0 | DZ42: =F42+J42+N42+R42+V42+Z42+AD42+AH42+AL42+AP42+AT42+AX42+BB42+BF42+BJ42+BN42+BR42+BV42+BZ42+CD42+CH42+CL42+CP42+CT42+CX42+DB42+DF42+DJ42+DN42+DR42+DV42 -> 1651 | EA42: =G42+K42+O42+S42+W42+AA42+AI42+AM42+AQ42+AU42+AY42+BC42+BG42+BK42+BO42+BS42+BW42+CA42+CE42+CI42+CM42+CQ42+CU42+CY42+DC42+DG42+DK42+DO42+DS42+DW42 -> 19205 | EB42: =IF((EA42=0),0,DZ42/EA42) -> 0.085967196 | EC42: =EB42*9.04 -> 0.77714345
D43: Total ASSY | F43: =SUM(F42) -> 9 | G43: =SUM(G42) -> 0 | H43: =SUM(H42) -> 0 | I43: =SUM(I42) -> 0 | J43: =SUM(J42) -> 16 | K43: =SUM(K42) -> 0 | L43: =SUM(L42) -> 0 | M43: =SUM(M42) -> 0 | ... EC43: =SUM(EC42) -> 0.77714345
C44: 16 | D44: LT ROOM COMPRESSOR 75 KW | E44: UTILITY | F44: 1 | G44: =$G$42 -> 0 | H44: =IF((G44=0),0,F44/G44) -> 0 | I44: =H44*9.04 -> 0 | J44: 1 | K44: =K$42 -> 0 | L44: =IF((K44=0),0,J44/K44) -> 0 | M44: =L44*9.04 -> 0 | N44: 1 | O44: =O$42 -> 597 | P44: =IF((O44=0),0,N44/O44) -> 0.0016750419 | Q44: =P44*9.04 -> 0.015142379 | R44: 1 | S44: =S$42 -> 628 | T44: =IF((S44=0),0,R44/S44) -> 0.0015923567 | U44: =T44*9.04 -> 0.014394904 | V44: 1 | W44: =W$42 -> 913 | X44: =IF((W44=0),0,V44/W44) -> 0.0010952903 | Y44: =X44*9.04 -> 0.0099014239 | Z44: 5 | AA44: =AA$42 -> 0 | AB44: =IF((AA44=0),0,Z44/AA44) -> 0 | AC44: =AB44*9.04 -> 0 | AD44: 1 | AE44: =AE$42 -> 523 | AF44: =IF((AE44=0),0,AD44/AE44) -> 0.0019120459 | AG44: =AF44*9.04 -> 0.017284895 | AH44: 1 | AI44: =AI$42 -> 0 | AJ44: =IF((AI44=0),0,AH44/AI44) -> 0 | AK44: =AJ44*9.04 -> 0 | AL44: 1 | AM44: =AM$42 -> 1004 | AN44: =IF((AM44=0),0,AL44/AM44) -> 0.00099601594 | AO44: =AN44*9.04 -> 0.0090039841 | AP44: 1 | AQ44: =AQ$42 -> 1157 | AR44: =IF((AQ44=0),0,AP44/AQ44) -> 0.00086430424 | AS44: =AR44*9.04 -> 0.0078133103 | AT44: 1 | AU44: =AU$42 -> 0 | AV44: =IF((AU44=0),0,AT44/AU44) -> 0 | AW44: =AV44*9.04 -> 0 | AX44: 1 | AY44: =AY$42 -> 1046 | AZ44: =IF((AY44=0),0,AX44/AY44) -> 0.00095602294 | BA44: =AZ44*9.04 -> 0.0086424474 | BB44: 1 | BC44: =BC$42 -> 0 | BD44: =IF((BC44=0),0,BB44/BC44) -> 0 | BE44: =BD44*9.04 -> 0 | BF44: 4 | BG44: =BG$42 -> 744 | BH44: =IF((BG44=0),0,BF44/BG44) -> 0.0053763441 | BI44: =BH44*9.04 -> 0.048602151 | BJ44: 6 | BK44: =BK$42 -> 1089 | BL44: =IF((BK44=0),0,BJ44/BK44) -> 0.0055096419 | BM44: =BL44*9.04 -> 0.049807163 | BN44: 1 | BO44: =BO$42 -> 1083 | BP44: =IF((BO44=0),0,BN44/BO44) -> 0.00092336103 | BQ44: =BP44*9.04 -> 0.0083471837 | BR44: 2 | BS44: =BS$42 -> 960 | BT44: =IF((BS44=0),0,BR44/BS44) -> 0.0020833333 | BU44: =BT44*9.04 -> 0.018833333 | BV44: 1 | BW44: =BW$42 -> 958 | BX44: =IF((BW44=0),0,BV44/BW44) -> 0.0010438413 | BY44: =BX44*9.04 -> 0.0094363257 | BZ44: 1 | CA44: =CA$42 -> 345 | CB44: =IF((CA44=0),0,BZ44/CA44) -> 0.0028985507 | CC44: =CB44*9.04 -> 0.026202899 | CD44: 1 | CE44: =CE$42 -> 801 | CF44: =IF((CE44=0),0,CD44/CE44) -> 0.0012484395 | CG44: =CF44*9.04 -> 0.011285893 | CH44: 2 | CI44: =CI$42 -> 0 | CJ44: =IF((CI44=0),0,CH44/CI44) -> 0 | CK44: =CJ44*9.04 -> 0 | CL44: 5 | CM44: =CM$42 -> 1235 | CN44: =IF((CM44=0),0,CL44/CM44) -> 0.004048583 | CO44: =CN44*9.04 -> 0.03659919 | CP44: 1 | CQ44: =CQ$42 -> 1167 | CR44: =IF((CQ44=0),0,CP44/CQ44) -> 0.00085689803 | CS44: =CR44*9.04 -> 0.0077463582 | CT44: 1 | CU44: =CU$42 -> 925 | CV44: =IF((CU44=0),0,CT44/CU44) -> 0.0010810811 | CW44: =CV44*9.04 -> 0.009772973 | CX44: 1 | CY44: =CY$42 -> 400 | CZ44: =IF((CY44=0),0,CX44/CY44) -> 0.0025 | DA44: =CZ44*9.04 -> 0.0226 | DB44: 2 | DC44: =DC$42 -> 517 | DD44: =IF((DC44=0),0,DB44/DC44) -> 0.003868472 | DE44: =DD44*9.04 -> 0.034970986 | DF44: 1 | DG44: =DG$42 -> 1125 | DH44: =IF((DG44=0),0,DF44/DG44) -> 0.00088888889 | DI44: =DH44*9.04 -> 0.0080355556 | DJ44: 1 | DK44: =DK$42 -> 1063 | DL44: =IF((DK44=0),0,DJ44/DK44) -> 0.00094073377 | DM44: =DL44*9.04 -> 0.0085042333 | DN44: 1 | DO44: =DO$42 -> 764 | DP44: =IF((DO44=0),0,DN44/DO44) -> 0.0013089005 | DQ44: =DP44*9.04 -> 0.011832461 | DR44: 2 | DS44: =DS$42 -> 684 | DT44: =IF((DS44=0),0,DR44/DS44) -> 0.0029239766 | DU44: =DT44*9.04 -> 0.026432749 | DW44: =DW$42 -> 0 | DX44: =IF((DW44=0),0,DV44/DW44) -> 0 | DY44: =DX44*9.04 -> 0 | DZ44: =F44+J44+N44+R44+V44+Z44+AD44+AH44+AL44+AP44+AT44+AX44+BB44+BF44+BJ44+BN44+BR44+BV44+BZ44+CD44+CH44+CL44+CP44+CT44+CX44+DB44+DF44+DJ44+DN44+DR44+DV44 -> 50 | EA44: =G44+K44+O44+S44+W44+AA44+AI44+AM44+AQ44+AU44+AY44+BC44+BG44+BK44+BO44+BS44+BW44+CA44+CE44+CI44+CM44+CQ44+CU44+CY44+DC44+DG44+DK44+DO44+DS44+DW44 -> 19205 | EB44: =IF((EA44=0),0,DZ44/EA44) -> 0.0026034887 | EC44: =EB44*9.04 -> 0.023535538
C45: 17 | D45: LT ROOM COMPRESSOR 55 KW | F45: 127 | G45: =$G$42 -> 0 | H45: =IF((G45=0),0,F45/G45) -> 0 | I45: =H45*9.04 -> 0 | J45: 503 | K45: =K$42 -> 0 | L45: =IF((K45=0),0,J45/K45) -> 0 | M45: =L45*9.04 -> 0 | N45: 519 | O45: =O$42 -> 597 | P45: =IF((O45=0),0,N45/O45) -> 0.86934673 | Q45: =P45*9.04 -> 7.8588945 | R45: 574 | S45: =S$42 -> 628 | T45: =IF((S45=0),0,R45/S45) -> 0.91401274 | U45: =T45*9.04 -> 8.2626752 | V45: 554 | W45: =W$42 -> 913 | X45: =IF((W45=0),0,V45/W45) -> 0.6067908 | Y45: =X45*9.04 -> 5.4853888 | Z45: 227 | AA45: =AA$42 -> 0 | AB45: =IF((AA45=0),0,Z45/AA45) -> 0 | AC45: =AB45*9.04 -> 0 | AD45: 480 | AE45: =AE$42 -> 523 | AF45: =IF((AE45=0),0,AD45/AE45) -> 0.91778203 | AG45: =AF45*9.04 -> 8.2967495 | AH45: 519 | AI45: =AI$42 -> 0 | AJ45: =IF((AI45=0),0,AH45/AI45) -> 0 | AK45: =AJ45*9.04 -> 0 | AL45: 542 | AM45: =AM$42 -> 1004 | AN45: =IF((AM45=0),0,AL45/AM45) -> 0.53984064 | AO45: =AN45*9.04 -> 4.8801594 | AP45: 518 | AQ45: =AQ$42 -> 1157 | AR45: =IF((AQ45=0),0,AP45/AQ45) -> 0.44770959 | AS45: =AR45*9.04 -> 4.0472947 | AT45: 495 | AU45: =AU$42 -> 0 | AV45: =IF((AU45=0),0,AT45/AU45) -> 0 | AW45: =AV45*9.04 -> 0 | AX45: 487 | AY45: =AY$42 -> 1046 | AZ45: =IF((AY45=0),0,AX45/AY45) -> 0.46558317 | BA45: =AZ45*9.04 -> 4.2088719 | BB45: 410 | BC45: =BC$42 -> 0 | BD45: =IF((BC45=0),0,BB45/BC45) -> 0 | BE45: =BD45*9.04 -> 0 | BF45: 300 | BG45: =BG$42 -> 744 | BH45: =IF((BG45=0),0,BF45/BG45) -> 0.40322581 | BI45: =BH45*9.04 -> 3.6451613 | BJ45: 534 | BK45: =BK$42 -> 1089 | BL45: =IF((BK45=0),0,BJ45/BK45) -> 0.49035813 | BM45: =BL45*9.04 -> 4.4328375 | BN45: 500 | BO45: =BO$42 -> 1083 | BP45: =IF((BO45=0),0,BN45/BO45) -> 0.46168052 | BQ45: =BP45*9.04 -> 4.1735919 | BR45: 488 | BS45: =BS$42 -> 960 | BT45: =IF((BS45=0),0,BR45/BS45) -> 0.50833333 | BU45: =BT45*9.04 -> 4.5953333 | BV45: 481 | BW45: =BW$42 -> 958 | BX45: =IF((BW45=0),0,BV45/BW45) -> 0.50208768 | BY45: =BX45*9.04 -> 4.5388727 | BZ45: 479 | CA45: =CA$42 -> 345 | CB45: =IF((CA45=0),0,BZ45/CA45) -> 1.3884058 | CC45: =CB45*9.04 -> 12.551188 | CD45: 486 | CE45: =CE$42 -> 801 | CF45: =IF((CE45=0),0,CD45/CE45) -> 0.60674157 | CG45: =CF45*9.04 -> 5.4849438 | CH45: 317 | CI45: =CI$42 -> 0 | CJ45: =IF((CI45=0),0,CH45/CI45) -> 0 | CK45: =CJ45*9.04 -> 0 | CL45: 591 | CM45: =CM$42 -> 1235 | CN45: =IF((CM45=0),0,CL45/CM45) -> 0.47854251 | CO45: =CN45*9.04 -> 4.3260243 | CP45: 617 | CQ45: =CQ$42 -> 1167 | CR45: =IF((CQ45=0),0,CP45/CQ45) -> 0.52870608 | CS45: =CR45*9.04 -> 4.779503 | CT45: 520 | CU45: =CU$42 -> 925 | CV45: =IF((CU45=0),0,CT45/CU45) -> 0.56216216 | CW45: =CV45*9.04 -> 5.0819459 | CX45: 553 | CY45: =CY$42 -> 400 | CZ45: =IF((CY45=0),0,CX45/CY45) -> 1.3825 | DA45: =CZ45*9.04 -> 12.4978 | DB45: 550 | DC45: =DC$42 -> 517 | DD45: =IF((DC45=0),0,DB45/DC45) -> 1.0638298 | DE45: =DD45*9.04 -> 9.6170213 | DF45: 542 | DG45: =DG$42 -> 1125 | DH45: =IF((DG45=0),0,DF45/DG45) -> 0.48177778 | DI45: =DH45*9.04 -> 4.3552711 | DJ45: 450 | DK45: =DK$42 -> 1063 | DL45: =IF((DK45=0),0,DJ45/DK45) -> 0.4233302 | DM45: =DL45*9.04 -> 3.826905 | DN45: 603 | DO45: =DO$42 -> 764 | DP45: =IF((DO45=0),0,DN45/DO45) -> 0.78926702 | DQ45: =DP45*9.04 -> 7.1349738 | DR45: 539 | DS45: =DS$42 -> 684 | DT45: =IF((DS45=0),0,DR45/DS45) -> 0.7880117 | DU45: =DT45*9.04 -> 7.1236257 | DW45: =DW$42 -> 0 | DX45: =IF((DW45=0),0,DV45/DW45) -> 0 | DY45: =DX45*9.04 -> 0 | DZ45: =F45+J45+N45+R45+V45+Z45+AD45+AH45+AL45+AP45+AT45+AX45+BB45+BF45+BJ45+BN45+BR45+BV45+BZ45+CD45+CH45+CL45+CP45+CT45+CX45+DB45+DF45+DJ45+DN45+DR45+DV45 -> 14505 | EA45: =G45+K45+O45+S45+W45+AA45+AI45+AM45+AQ45+AU45+AY45+BC45+BG45+BK45+BO45+BS45+BW45+CA45+CE45+CI45+CM45+CQ45+CU45+CY45+DC45+DG45+DK45+DO45+DS45+DW45 -> 19205 | EB45: =IF((EA45=0),0,DZ45/EA45) -> 0.75527206 | EC45: =EB45*9.04 -> 6.8276595
D46: LT ROOM APFC PANNEL | F46: 36 | G46: =$G$42 -> 0 | H46: =IF((G46=0),0,F46/G46) -> 0 | I46: =H46*9.04 -> 0 | J46: 30 | K46: =K$42 -> 0 | L46: =IF((K46=0),0,J46/K46) -> 0 | M46: =L46*9.04 -> 0 | N46: 42 | O46: =O$42 -> 597 | P46: =IF((O46=0),0,N46/O46) -> 0.070351759 | Q46: =P46*9.04 -> 0.6359799 | R46: 43 | S46: =S$42 -> 628 | T46: =IF((S46=0),0,R46/S46) -> 0.068471338 | U46: =T46*9.04 -> 0.61898089 | V46: 45 | W46: =W$42 -> 913 | X46: =IF((W46=0),0,V46/W46) -> 0.049288061 | Y46: =X46*9.04 -> 0.44556407 | Z46: 50 | AA46: =AA$42 -> 0 | AB46: =IF((AA46=0),0,Z46/AA46) -> 0 | AC46: =AB46*9.04 -> 0 | AD46: 30 | AE46: =AE$42 -> 523 | AF46: =IF((AE46=0),0,AD46/AE46) -> 0.057361377 | AG46: =AF46*9.04 -> 0.51854685 | AH46: 9 | AI46: =AI$42 -> 0 | AJ46: =IF((AI46=0),0,AH46/AI46) -> 0 | AK46: =AJ46*9.04 -> 0 | AL46: 31 | AM46: =AM$42 -> 1004 | AN46: =IF((AM46=0),0,AL46/AM46) -> 0.030876494 | AO46: =AN46*9.04 -> 0.27912351 | AP46: 49 | AQ46: =AQ$42 -> 1157 | AR46: =IF((AQ46=0),0,AP46/AQ46) -> 0.042350908 | AS46: =AR46*9.04 -> 0.3828522 | AT46: 46 | AU46: =AU$42 -> 0 | AV46: =IF((AU46=0),0,AT46/AU46) -> 0 | AW46: =AV46*9.04 -> 0 | AX46: 46 | AY46: =AY$42 -> 1046 | AZ46: =IF((AY46=0),0,AX46/AY46) -> 0.043977055 | BA46: =AZ46*9.04 -> 0.39755258 | BB46: 49 | BC46: =BC$42 -> 0 | BD46: =IF((BC46=0),0,BB46/BC46) -> 0 | BE46: =BD46*9.04 -> 0 | BF46: 49 | BG46: =BG$42 -> 744 | BH46: =IF((BG46=0),0,BF46/BG46) -> 0.065860215 | BI46: =BH46*9.04 -> 0.59537634 | BJ46: 51 | BK46: =BK$42 -> 1089 | BL46: =IF((BK46=0),0,BJ46/BK46) -> 0.046831956 | BM46: =BL46*9.04 -> 0.42336088 | BN46: 50 | BO46: =BO$42 -> 1083 | BP46: =IF((BO46=0),0,BN46/BO46) -> 0.046168052 | BQ46: =BP46*9.04 -> 0.41735919 | BR46: 46 | BS46: =BS$42 -> 960 | BT46: =IF((BS46=0),0,BR46/BS46) -> 0.047916667 | BU46: =BT46*9.04 -> 0.43316667 | BV46: 47 | BW46: =BW$42 -> 958 | BX46: =IF((BW46=0),0,BV46/BW46) -> 0.049060543 | BY46: =BX46*9.04 -> 0.44350731 | BZ46: 50 | CA46: =CA$42 -> 345 | CB46: =IF((CA46=0),0,BZ46/CA46) -> 0.14492754 | CC46: =CB46*9.04 -> 1.3101449 | CD46: 48 | CE46: =CE$42 -> 801 | CF46: =IF((CE46=0),0,CD46/CE46) -> 0.059925094 | CG46: =CF46*9.04 -> 0.54172285 | CH46: 49 | CI46: =CI$42 -> 0 | CJ46: =IF((CI46=0),0,CH46/CI46) -> 0 | CK46: =CJ46*9.04 -> 0 | CL46: 39 | CM46: =CM$42 -> 1235 | CN46: =IF((CM46=0),0,CL46/CM46) -> 0.031578947 | CO46: =CN46*9.04 -> 0.28547368 | CP46: 54 | CQ46: =CQ$42 -> 1167 | CR46: =IF((CQ46=0),0,CP46/CQ46) -> 0.046272494 | CS46: =CR46*9.04 -> 0.41830334 | CT46: 52 | CU46: =CU$42 -> 925 | CV46: =IF((CU46=0),0,CT46/CU46) -> 0.056216216 | CW46: =CV46*9.04 -> 0.50819459 | CX46: 45 | CY46: =CY$42 -> 400 | CZ46: =IF((CY46=0),0,CX46/CY46) -> 0.1125 | DA46: =CZ46*9.04 -> 1.017 | DB46: 50 | DC46: =DC$42 -> 517 | DD46: =IF((DC46=0),0,DB46/DC46) -> 0.096711799 | DE46: =DD46*9.04 -> 0.87427466 | DF46: 52 | DG46: =DG$42 -> 1125 | DH46: =IF((DG46=0),0,DF46/DG46) -> 0.046222222 | DI46: =DH46*9.04 -> 0.41784889 | DJ46: 40 | DK46: =DK$42 -> 1063 | DL46: =IF((DK46=0),0,DJ46/DK46) -> 0.037629351 | DM46: =DL46*9.04 -> 0.34016933 | DN46: 59 | DO46: =DO$42 -> 764 | DP46: =IF((DO46=0),0,DN46/DO46) -> 0.077225131 | DQ46: =DP46*9.04 -> 0.69811518 | DR46: 49 | DS46: =DS$42 -> 684 | DT46: =IF((DS46=0),0,DR46/DS46) -> 0.071637427 | DU46: =DT46*9.04 -> 0.64760234 | DW46: =DW$42 -> 0 | DX46: =IF((DW46=0),0,DV46/DW46) -> 0 | DY46: =DX46*9.04 -> 0 | DZ46: =F46+J46+N46+R46+V46+Z46+AD46+AH46+AL46+AP46+AT46+AX46+BB46+BF46+BJ46+BN46+BR46+BV46+BZ46+CD46+CH46+CL46+CP46+CT46+CX46+DB46+DF46+DJ46+DN46+DR46+DV46 -> 1336 | EA46: =G46+K46+O46+S46+W46+AA46+AI46+AM46+AQ46+AU46+AY46+BC46+BG46+BK46+BO46+BS46+BW46+CA46+CE46+CI46+CM46+CQ46+CU46+CY46+DC46+DG46+DK46+DO46+DS46+DW46 -> 19205 | EB46: =IF((EA46=0),0,DZ46/EA46) -> 0.069565217 | EC46: =EB46*9.04 -> 0.62886957
D47: LT ROOM FIRE HYDRANT | F47: 0 | G47: =$G$42 -> 0 | H47: =IF((G47=0),0,F47/G47) -> 0 | I47: =H47*9.04 -> 0 | J47: 0 | K47: =K$42 -> 0 | L47: =IF((K47=0),0,J47/K47) -> 0 | M47: =L47*9.04 -> 0 | N47: 0 | O47: =O$42 -> 597 | P47: =IF((O47=0),0,N47/O47) -> 0 | Q47: =P47*9.04 -> 0 | R47: 0 | S47: =S$42 -> 628 | T47: =IF((S47=0),0,R47/S47) -> 0 | U47: =T47*9.04 -> 0 | V47: 0 | W47: =W$42 -> 913 | X47: =IF((W47=0),0,V47/W47) -> 0 | Y47: =X47*9.04 -> 0 | Z47: 0 | AA47: =AA$42 -> 0 | AB47: =IF((AA47=0),0,Z47/AA47) -> 0 | AC47: =AB47*9.04 -> 0 | AD47: 0 | AE47: =AE$42 -> 523 | AF47: =IF((AE47=0),0,AD47/AE47) -> 0 | AG47: =AF47*9.04 -> 0 | AH47: 0 | AI47: =AI$42 -> 0 | AJ47: =IF((AI47=0),0,AH47/AI47) -> 0 | AK47: =AJ47*9.04 -> 0 | AL47: 0 | AM47: =AM$42 -> 1004 | AN47: =IF((AM47=0),0,AL47/AM47) -> 0 | AO47: =AN47*9.04 -> 0 | AP47: 1 | AQ47: =AQ$42 -> 1157 | AR47: =IF((AQ47=0),0,AP47/AQ47) -> 0.00086430424 | AS47: =AR47*9.04 -> 0.0078133103 | AT47: 2 | AU47: =AU$42 -> 0 | AV47: =IF((AU47=0),0,AT47/AU47) -> 0 | AW47: =AV47*9.04 -> 0 | AX47: 0 | AY47: =AY$42 -> 1046 | AZ47: =IF((AY47=0),0,AX47/AY47) -> 0 | BA47: =AZ47*9.04 -> 0 | BB47: 0 | BC47: =BC$42 -> 0 | BD47: =IF((BC47=0),0,BB47/BC47) -> 0 | BE47: =BD47*9.04 -> 0 | BF47: 0 | BG47: =BG$42 -> 744 | BH47: =IF((BG47=0),0,BF47/BG47) -> 0 | BI47: =BH47*9.04 -> 0 | BJ47: 0 | BK47: =BK$42 -> 1089 | BL47: =IF((BK47=0),0,BJ47/BK47) -> 0 | BM47: =BL47*9.04 -> 0 | BN47: 0 | BO47: =BO$42 -> 1083 | BP47: =IF((BO47=0),0,BN47/BO47) -> 0 | BQ47: =BP47*9.04 -> 0 | BR47: 4 | BS47: =BS$42 -> 960 | BT47: =IF((BS47=0),0,BR47/BS47) -> 0.0041666667 | BU47: =BT47*9.04 -> 0.037666667 | BV47: 0 | BW47: =BW$42 -> 958 | BX47: =IF((BW47=0),0,BV47/BW47) -> 0 | BY47: =BX47*9.04 -> 0 | BZ47: 0 | CA47: =CA$42 -> 345 | CB47: =IF((CA47=0),0,BZ47/CA47) -> 0 | CC47: =CB47*9.04 -> 0 | CD47: 0 | CE47: =CE$42 -> 801 | CF47: =IF((CE47=0),0,CD47/CE47) -> 0 | CG47: =CF47*9.04 -> 0 | CH47: 0 | CI47: =CI$42 -> 0 | CJ47: =IF((CI47=0),0,CH47/CI47) -> 0 | CK47: =CJ47*9.04 -> 0 | CL47: 0 | CM47: =CM$42 -> 1235 | CN47: =IF((CM47=0),0,CL47/CM47) -> 0 | CO47: =CN47*9.04 -> 0 | CP47: 0 | CQ47: =CQ$42 -> 1167 | CR47: =IF((CQ47=0),0,CP47/CQ47) -> 0 | CS47: =CR47*9.04 -> 0 | CT47: 0 | CU47: =CU$42 -> 925 | CV47: =IF((CU47=0),0,CT47/CU47) -> 0 | CW47: =CV47*9.04 -> 0 | CX47: 0 | CY47: =CY$42 -> 400 | CZ47: =IF((CY47=0),0,CX47/CY47) -> 0 | DA47: =CZ47*9.04 -> 0 | DB47: 0 | DC47: =DC$42 -> 517 | DD47: =IF((DC47=0),0,DB47/DC47) -> 0 | DE47: =DD47*9.04 -> 0 | DF47: 0 | DG47: =DG$42 -> 1125 | DH47: =IF((DG47=0),0,DF47/DG47) -> 0 | DI47: =DH47*9.04 -> 0 | DJ47: 0 | DK47: =DK$42 -> 1063 | DL47: =IF((DK47=0),0,DJ47/DK47) -> 0 | DM47: =DL47*9.04 -> 0 | DN47: 1 | DO47: =DO$42 -> 764 | DP47: =IF((DO47=0),0,DN47/DO47) -> 0.0013089005 | DQ47: =DP47*9.04 -> 0.011832461 | DR47: 0 | DS47: =DS$42 -> 684 | DT47: =IF((DS47=0),0,DR47/DS47) -> 0 | DU47: =DT47*9.04 -> 0 | DW47: =DW$42 -> 0 | DX47: =IF((DW47=0),0,DV47/DW47) -> 0 | DY47: =DX47*9.04 -> 0 | DZ47: =F47+J47+N47+R47+V47+Z47+AD47+AH47+AL47+AP47+AT47+AX47+BB47+BF47+BJ47+BN47+BR47+BV47+BZ47+CD47+CH47+CL47+CP47+CT47+CX47+DB47+DF47+DJ47+DN47+DR47+DV47 -> 8 | EA47: =G47+K47+O47+S47+W47+AA47+AI47+AM47+AQ47+AU47+AY47+BC47+BG47+BK47+BO47+BS47+BW47+CA47+CE47+CI47+CM47+CQ47+CU47+CY47+DC47+DG47+DK47+DO47+DS47+DW47 -> 19205 | EB47: =IF((EA47=0),0,DZ47/EA47) -> 0.00041655819 | EC47: =EB47*9.04 -> 0.003765686
D48: LT ROOM LIGHTNING DB | F48: 79 | G48: =$G$42 -> 0 | H48: =IF((G48=0),0,F48/G48) -> 0 | I48: =H48*9.04 -> 0 | J48: 110 | K48: =K$42 -> 0 | L48: =IF((K48=0),0,J48/K48) -> 0 | M48: =L48*9.04 -> 0 | N48: 146 | O48: =O$42 -> 597 | P48: =IF((O48=0),0,N48/O48) -> 0.24455611 | Q48: =P48*9.04 -> 2.2107873 | R48: 152 | S48: =S$42 -> 628 | T48: =IF((S48=0),0,R48/S48) -> 0.24203822 | U48: =T48*9.04 -> 2.1880255 | V48: 145 | W48: =W$42 -> 913 | X48: =IF((W48=0),0,V48/W48) -> 0.15881709 | Y48: =X48*9.04 -> 1.4357065 | Z48: 65 | AA48: =AA$42 -> 0 | AB48: =IF((AA48=0),0,Z48/AA48) -> 0 | AC48: =AB48*9.04 -> 0 | AD48: 69 | AE48: =AE$42 -> 523 | AF48: =IF((AE48=0),0,AD48/AE48) -> 0.13193117 | AG48: =AF48*9.04 -> 1.1926577 | AH48: 139 | AI48: =AI$42 -> 0 | AJ48: =IF((AI48=0),0,AH48/AI48) -> 0 | AK48: =AJ48*9.04 -> 0 | AL48: 141 | AM48: =AM$42 -> 1004 | AN48: =IF((AM48=0),0,AL48/AM48) -> 0.14043825 | AO48: =AN48*9.04 -> 1.2695618 | AP48: 136 | AQ48: =AQ$42 -> 1157 | AR48: =IF((AQ48=0),0,AP48/AQ48) -> 0.11754538 | AS48: =AR48*9.04 -> 1.0626102 | AT48: 135 | AU48: =AU$42 -> 0 | AV48: =IF((AU48=0),0,AT48/AU48) -> 0 | AW48: =AV48*9.04 -> 0 | AX48: 146 | AY48: =AY$42 -> 1046 | AZ48: =IF((AY48=0),0,AX48/AY48) -> 0.13957935 | BA48: =AZ48*9.04 -> 1.2617973 | BB48: 109 | BC48: =BC$42 -> 0 | BD48: =IF((BC48=0),0,BB48/BC48) -> 0 | BE48: =BD48*9.04 -> 0 | BF48: 125 | BG48: =BG$42 -> 744 | BH48: =IF((BG48=0),0,BF48/BG48) -> 0.16801075 | BI48: =BH48*9.04 -> 1.5188172 | BJ48: 136 | BK48: =BK$42 -> 1089 | BL48: =IF((BK48=0),0,BJ48/BK48) -> 0.12488522 | BM48: =BL48*9.04 -> 1.1289624 | BN48: 159 | BO48: =BO$42 -> 1083 | BP48: =IF((BO48=0),0,BN48/BO48) -> 0.1468144 | BQ48: =BP48*9.04 -> 1.3272022 | BR48: 141 | BS48: =BS$42 -> 960 | BT48: =IF((BS48=0),0,BR48/BS48) -> 0.146875 | BU48: =BT48*9.04 -> 1.32775 | BV48: 156 | BW48: =BW$42 -> 958 | BX48: =IF((BW48=0),0,BV48/BW48) -> 0.16283925 | BY48: =BX48*9.04 -> 1.4720668 | BZ48: 144 | CA48: =CA$42 -> 345 | CB48: =IF((CA48=0),0,BZ48/CA48) -> 0.4173913 | CC48: =CB48*9.04 -> 3.7732174 | CD48: 179 | CE48: =CE$42 -> 801 | CF48: =IF((CE48=0),0,CD48/CE48) -> 0.22347066 | CG48: =CF48*9.04 -> 2.0201748 | CH48: 77 | CI48: =CI$42 -> 0 | CJ48: =IF((CI48=0),0,CH48/CI48) -> 0 | CK48: =CJ48*9.04 -> 0 | CL48: 158 | CM48: =CM$42 -> 1235 | CN48: =IF((CM48=0),0,CL48/CM48) -> 0.12793522 | CO48: =CN48*9.04 -> 1.1565344 | CP48: 175 | CQ48: =CQ$42 -> 1167 | CR48: =IF((CQ48=0),0,CP48/CQ48) -> 0.14995716 | CS48: =CR48*9.04 -> 1.3556127 | CT48: 165 | CU48: =CU$42 -> 925 | CV48: =IF((CU48=0),0,CT48/CU48) -> 0.17837838 | CW48: =CV48*9.04 -> 1.6125405 | CX48: 174 | CY48: =CY$42 -> 400 | CZ48: =IF((CY48=0),0,CX48/CY48) -> 0.435 | DA48: =CZ48*9.04 -> 3.9324 | DB48: 178 | DC48: =DC$42 -> 517 | DD48: =IF((DC48=0),0,DB48/DC48) -> 0.344294 | DE48: =DD48*9.04 -> 3.1124178 | DF48: 188 | DG48: =DG$42 -> 1125 | DH48: =IF((DG48=0),0,DF48/DG48) -> 0.16711111 | DI48: =DH48*9.04 -> 1.5106844 | DJ48: 165 | DK48: =DK$42 -> 1063 | DL48: =IF((DK48=0),0,DJ48/DK48) -> 0.15522107 | DM48: =DL48*9.04 -> 1.4031985 | DN48: 184 | DO48: =DO$42 -> 764 | DP48: =IF((DO48=0),0,DN48/DO48) -> 0.2408377 | DQ48: =DP48*9.04 -> 2.1771728 | DR48: 185 | DS48: =DS$42 -> 684 | DT48: =IF((DS48=0),0,DR48/DS48) -> 0.27046784 | DU48: =DT48*9.04 -> 2.4450292 | DW48: =DW$42 -> 0 | DX48: =IF((DW48=0),0,DV48/DW48) -> 0 | DY48: =DX48*9.04 -> 0 | DZ48: =F48+J48+N48+R48+V48+Z48+AD48+AH48+AL48+AP48+AT48+AX48+BB48+BF48+BJ48+BN48+BR48+BV48+BZ48+CD48+CH48+CL48+CP48+CT48+CX48+DB48+DF48+DJ48+DN48+DR48+DV48 -> 4261 | EA48: =G48+K48+O48+S48+W48+AA48+AI48+AM48+AQ48+AU48+AY48+BC48+BG48+BK48+BO48+BS48+BW48+CA48+CE48+CI48+CM48+CQ48+CU48+CY48+DC48+DG48+DK48+DO48+DS48+DW48 -> 19205 | EB48: =IF((EA48=0),0,DZ48/EA48) -> 0.2218693 | EC48: =EB48*9.04 -> 2.0056985
D49: LT EOOM UTILITY INCOMER | F49: 0 | G49: =$G$42 -> 0 | H49: =IF((G49=0),0,F49/G49) -> 0 | I49: =H49*9.04 -> 0 | J49: 0 | K49: =K$42 -> 0 | L49: =IF((K49=0),0,J49/K49) -> 0 | M49: =L49*9.04 -> 0 | N49: 0 | O49: =O$42 -> 597 | P49: =IF((O49=0),0,N49/O49) -> 0 | Q49: =P49*9.04 -> 0 | R49: 0 | S49: =S$42 -> 628 | T49: =IF((S49=0),0,R49/S49) -> 0 | U49: =T49*9.04 -> 0 | V49: 0 | W49: =W$42 -> 913 | X49: =IF((W49=0),0,V49/W49) -> 0 | Y49: =X49*9.04 -> 0 | Z49: 0 | AA49: =AA$42 -> 0 | AB49: =IF((AA49=0),0,Z49/AA49) -> 0 | AC49: =AB49*9.04 -> 0 | AD49: 0 | AE49: =AE$42 -> 523 | AF49: =IF((AE49=0),0,AD49/AE49) -> 0 | AG49: =AF49*9.04 -> 0 | AH49: 0 | AI49: =AI$42 -> 0 | AJ49: =IF((AI49=0),0,AH49/AI49) -> 0 | AK49: =AJ49*9.04 -> 0 | AL49: 0 | AM49: =AM$42 -> 1004 | AN49: =IF((AM49=0),0,AL49/AM49) -> 0 | AO49: =AN49*9.04 -> 0 | AP49: 0 | AQ49: =AQ$42 -> 1157 | AR49: =IF((AQ49=0),0,AP49/AQ49) -> 0 | AS49: =AR49*9.04 -> 0 | AT49: 0 | AU49: =AU$42 -> 0 | AV49: =IF((AU49=0),0,AT49/AU49) -> 0 | AW49: =AV49*9.04 -> 0 | AX49: 0 | AY49: =AY$42 -> 1046 | AZ49: =IF((AY49=0),0,AX49/AY49) -> 0 | BA49: =AZ49*9.04 -> 0 | BB49: 0 | BC49: =BC$42 -> 0 | BD49: =IF((BC49=0),0,BB49/BC49) -> 0 | BE49: =BD49*9.04 -> 0 | BF49: 0 | BG49: =BG$42 -> 744 | BH49: =IF((BG49=0),0,BF49/BG49) -> 0 | BI49: =BH49*9.04 -> 0 | BJ49: 0 | BK49: =BK$42 -> 1089 | BL49: =IF((BK49=0),0,BJ49/BK49) -> 0 | BM49: =BL49*9.04 -> 0 | BN49: 0 | BO49: =BO$42 -> 1083 | BP49: =IF((BO49=0),0,BN49/BO49) -> 0 | BQ49: =BP49*9.04 -> 0 | BR49: 0 | BS49: =BS$42 -> 960 | BT49: =IF((BS49=0),0,BR49/BS49) -> 0 | BU49: =BT49*9.04 -> 0 | BW49: =BW$42 -> 958 | BX49: =IF((BW49=0),0,BV49/BW49) -> 0 | BY49: =BX49*9.04 -> 0 | BZ49: 0 | CA49: =CA$42 -> 345 | CB49: =IF((CA49=0),0,BZ49/CA49) -> 0 | CC49: =CB49*9.04 -> 0 | CD49: 0 | CE49: =CE$42 -> 801 | CF49: =IF((CE49=0),0,CD49/CE49) -> 0 | CG49: =CF49*9.04 -> 0 | CH49: 0 | CI49: =CI$42 -> 0 | CJ49: =IF((CI49=0),0,CH49/CI49) -> 0 | CK49: =CJ49*9.04 -> 0 | CL49: 0 | CM49: =CM$42 -> 1235 | CN49: =IF((CM49=0),0,CL49/CM49) -> 0 | CO49: =CN49*9.04 -> 0 | CP49: 0 | CQ49: =CQ$42 -> 1167 | CR49: =IF((CQ49=0),0,CP49/CQ49) -> 0 | CS49: =CR49*9.04 -> 0 | CT49: 0 | CU49: =CU$42 -> 925 | CV49: =IF((CU49=0),0,CT49/CU49) -> 0 | CW49: =CV49*9.04 -> 0 | CX49: 0 | CY49: =CY$42 -> 400 | CZ49: =IF((CY49=0),0,CX49/CY49) -> 0 | DA49: =CZ49*9.04 -> 0 | DB49: 0 | DC49: =DC$42 -> 517 | DD49: =IF((DC49=0),0,DB49/DC49) -> 0 | DE49: =DD49*9.04 -> 0 | DF49: 0 | DG49: =DG$42 -> 1125 | DH49: =IF((DG49=0),0,DF49/DG49) -> 0 | DI49: =DH49*9.04 -> 0 | DJ49: 0 | DK49: =DK$42 -> 1063 | DL49: =IF((DK49=0),0,DJ49/DK49) -> 0 | DM49: =DL49*9.04 -> 0 | DN49: 0 | DO49: =DO$42 -> 764 | DP49: =IF((DO49=0),0,DN49/DO49) -> 0 | DQ49: =DP49*9.04 -> 0 | DR49: 0 | DS49: =DS$42 -> 684 | DT49: =IF((DS49=0),0,DR49/DS49) -> 0 | DU49: =DT49*9.04 -> 0 | DW49: =DW$42 -> 0 | DX49: =IF((DW49=0),0,DV49/DW49) -> 0 | DY49: =DX49*9.04 -> 0 | DZ49: =F49+J49+N49+R49+V49+Z49+AD49+AH49+AL49+AP49+AT49+AX49+BB49+BF49+BJ49+BN49+BR49+BV49+BZ49+CD49+CH49+CL49+CP49+CT49+CX49+DB49+DF49+DJ49+DN49+DR49+DV49 -> 0 | EA49: =G49+K49+O49+S49+W49+AA49+AI49+AM49+AQ49+AU49+AY49+BC49+BG49+BK49+BO49+BS49+BW49+CA49+CE49+CI49+CM49+CQ49+CU49+CY49+DC49+DG49+DK49+DO49+DS49+DW49 -> 19205 | EB49: =IF((EA49=0),0,DZ49/EA49) -> 0 | EC49: =EB49*9.04 -> 0
D50: LT ROOM SHOP FLOOR OFFICE LIGHTNING AC | F50: 20 | G50: =$G$42 -> 0 | H50: =IF((G50=0),0,F50/G50) -> 0 | I50: =H50*9.04 -> 0 | J50: 47 | K50: =K$42 -> 0 | L50: =IF((K50=0),0,J50/K50) -> 0 | M50: =L50*9.04 -> 0 | N50: 42 | O50: =O$42 -> 597 | P50: =IF((O50=0),0,N50/O50) -> 0.070351759 | Q50: =P50*9.04 -> 0.6359799 | R50: 42 | S50: =S$42 -> 628 | T50: =IF((S50=0),0,R50/S50) -> 0.066878981 | U50: =T50*9.04 -> 0.60458599 | V50: 41 | W50: =W$42 -> 913 | X50: =IF((W50=0),0,V50/W50) -> 0.0449069 | Y50: =X50*9.04 -> 0.40595838 | Z50: 15 | AA50: =AA$42 -> 0 | AB50: =IF((AA50=0),0,Z50/AA50) -> 0 | AC50: =AB50*9.04 -> 0 | AD50: 35 | AE50: =AE$42 -> 523 | AF50: =IF((AE50=0),0,AD50/AE50) -> 0.066921606 | AG50: =AF50*9.04 -> 0.60497132 | AH50: 46 | AI50: =AI$42 -> 0 | AJ50: =IF((AI50=0),0,AH50/AI50) -> 0 | AK50: =AJ50*9.04 -> 0 | AL50: 54 | AM50: =AM$42 -> 1004 | AN50: =IF((AM50=0),0,AL50/AM50) -> 0.053784861 | AO50: =AN50*9.04 -> 0.48621514 | AP50: 56 | AQ50: =AQ$42 -> 1157 | AR50: =IF((AQ50=0),0,AP50/AQ50) -> 0.048401037 | AS50: =AR50*9.04 -> 0.43754538 | AT50: 48 | AU50: =AU$42 -> 0 | AV50: =IF((AU50=0),0,AT50/AU50) -> 0 | AW50: =AV50*9.04 -> 0 | AX50: 44 | AY50: =AY$42 -> 1046 | AZ50: =IF((AY50=0),0,AX50/AY50) -> 0.04206501 | BA50: =AZ50*9.04 -> 0.38026769 | BB50: 47 | BC50: =BC$42 -> 0 | BD50: =IF((BC50=0),0,BB50/BC50) -> 0 | BE50: =BD50*9.04 -> 0 | BF50: 31 | BG50: =BG$42 -> 744 | BH50: =IF((BG50=0),0,BF50/BG50) -> 0.041666667 | BI50: =BH50*9.04 -> 0.37666667 | BJ50: 46 | BK50: =BK$42 -> 1089 | BL50: =IF((BK50=0),0,BJ50/BK50) -> 0.042240588 | BM50: =BL50*9.04 -> 0.38185491 | BN50: 45 | BO50: =BO$42 -> 1083 | BP50: =IF((BO50=0),0,BN50/BO50) -> 0.041551247 | BQ50: =BP50*9.04 -> 0.37562327 | BR50: 42 | BS50: =BS$42 -> 960 | BT50: =IF((BS50=0),0,BR50/BS50) -> 0.04375 | BU50: =BT50*9.04 -> 0.3955 | BV50: 49 | BW50: =BW$42 -> 958 | BX50: =IF((BW50=0),0,BV50/BW50) -> 0.051148225 | BY50: =BX50*9.04 -> 0.46237996 | BZ50: 50 | CA50: =CA$42 -> 345 | CB50: =IF((CA50=0),0,BZ50/CA50) -> 0.14492754 | CC50: =CB50*9.04 -> 1.3101449 | CD50: 49 | CE50: =CE$42 -> 801 | CF50: =IF((CE50=0),0,CD50/CE50) -> 0.061173533 | CG50: =CF50*9.04 -> 0.55300874 | CH50: 21 | CI50: =CI$42 -> 0 | CJ50: =IF((CI50=0),0,CH50/CI50) -> 0 | CK50: =CJ50*9.04 -> 0 | CL50: 40 | CM50: =CM$42 -> 1235 | CN50: =IF((CM50=0),0,CL50/CM50) -> 0.032388664 | CO50: =CN50*9.04 -> 0.29279352 | CP50: 43 | CQ50: =CQ$42 -> 1167 | CR50: =IF((CQ50=0),0,CP50/CQ50) -> 0.036846615 | CS50: =CR50*9.04 -> 0.3330934 | CT50: 44 | CU50: =CU$42 -> 925 | CV50: =IF((CU50=0),0,CT50/CU50) -> 0.047567568 | CW50: =CV50*9.04 -> 0.43001081 | CX50: 46 | CY50: =CY$42 -> 400 | CZ50: =IF((CY50=0),0,CX50/CY50) -> 0.115 | DA50: =CZ50*9.04 -> 1.0396 | DB50: 46 | DC50: =DC$42 -> 517 | DD50: =IF((DC50=0),0,DB50/DC50) -> 0.088974855 | DE50: =DD50*9.04 -> 0.80433269 | DF50: 36 | DG50: =DG$42 -> 1125 | DH50: =IF((DG50=0),0,DF50/DG50) -> 0.032 | DI50: =DH50*9.04 -> 0.28928 | DJ50: 30 | DK50: =DK$42 -> 1063 | DL50: =IF((DK50=0),0,DJ50/DK50) -> 0.028222013 | DM50: =DL50*9.04 -> 0.255127 | DN50: 43 | DO50: =DO$42 -> 764 | DP50: =IF((DO50=0),0,DN50/DO50) -> 0.056282723 | DQ50: =DP50*9.04 -> 0.50879581 | DR50: 41 | DS50: =DS$42 -> 684 | DT50: =IF((DS50=0),0,DR50/DS50) -> 0.05994152 | DU50: =DT50*9.04 -> 0.54187135 | DW50: =DW$42 -> 0 | DX50: =IF((DW50=0),0,DV50/DW50) -> 0 | DY50: =DX50*9.04 -> 0 | DZ50: =F50+J50+N50+R50+V50+Z50+AD50+AH50+AL50+AP50+AT50+AX50+BB50+BF50+BJ50+BN50+BR50+BV50+BZ50+CD50+CH50+CL50+CP50+CT50+CX50+DB50+DF50+DJ50+DN50+DR50+DV50 -> 1239 | EA50: =G50+K50+O50+S50+W50+AA50+AI50+AM50+AQ50+AU50+AY50+BC50+BG50+BK50+BO50+BS50+BW50+CA50+CE50+CI50+CM50+CQ50+CU50+CY50+DC50+DG50+DK50+DO50+DS50+DW50 -> 19205 | EB50: =IF((EA50=0),0,DZ50/EA50) -> 0.064514449 | EC50: =EB50*9.04 -> 0.58321062
D51: LT ROOM HTP | F51: 0 | G51: =$G$42 -> 0 | H51: =IF((G51=0),0,F51/G51) -> 0 | I51: =H51*9.04 -> 0 | J51: 2 | K51: =K$42 -> 0 | L51: =IF((K51=0),0,J51/K51) -> 0 | M51: =L51*9.04 -> 0 | N51: 6 | O51: =O$42 -> 597 | P51: =IF((O51=0),0,N51/O51) -> 0.010050251 | Q51: =P51*9.04 -> 0.090854271 | R51: 7 | S51: =S$42 -> 628 | T51: =IF((S51=0),0,R51/S51) -> 0.011146497 | U51: =T51*9.04 -> 0.10076433 | V51: 7 | W51: =W$42 -> 913 | X51: =IF((W51=0),0,V51/W51) -> 0.0076670318 | Y51: =X51*9.04 -> 0.069309967 | Z51: 0 | AA51: =AA$42 -> 0 | AB51: =IF((AA51=0),0,Z51/AA51) -> 0 | AC51: =AB51*9.04 -> 0 | AD51: 7 | AE51: =AE$42 -> 523 | AF51: =IF((AE51=0),0,AD51/AE51) -> 0.013384321 | AG51: =AF51*9.04 -> 0.12099426 | AH51: 6 | AI51: =AI$42 -> 0 | AJ51: =IF((AI51=0),0,AH51/AI51) -> 0 | AK51: =AJ51*9.04 -> 0 | AL51: 7 | AM51: =AM$42 -> 1004 | AN51: =IF((AM51=0),0,AL51/AM51) -> 0.0069721116 | AO51: =AN51*9.04 -> 0.063027888 | AP51: 7 | AQ51: =AQ$42 -> 1157 | AR51: =IF((AQ51=0),0,AP51/AQ51) -> 0.0060501296 | AS51: =AR51*9.04 -> 0.054693172 | AT51: 7 | AU51: =AU$42 -> 0 | AV51: =IF((AU51=0),0,AT51/AU51) -> 0 | AW51: =AV51*9.04 -> 0 | AX51: 7 | AY51: =AY$42 -> 1046 | AZ51: =IF((AY51=0),0,AX51/AY51) -> 0.0066921606 | BA51: =AZ51*9.04 -> 0.060497132 | BB51: 8 | BC51: =BC$42 -> 0 | BD51: =IF((BC51=0),0,BB51/BC51) -> 0 | BE51: =BD51*9.04 -> 0 | BF51: 0 | BG51: =BG$42 -> 744 | BH51: =IF((BG51=0),0,BF51/BG51) -> 0 | BI51: =BH51*9.04 -> 0 | BJ51: 7 | BK51: =BK$42 -> 1089 | BL51: =IF((BK51=0),0,BJ51/BK51) -> 0.0064279155 | BM51: =BL51*9.04 -> 0.058108356 | BN51: 7 | BO51: =BO$42 -> 1083 | BP51: =IF((BO51=0),0,BN51/BO51) -> 0.0064635272 | BQ51: =BP51*9.04 -> 0.058430286 | BR51: 7 | BS51: =BS$42 -> 960 | BT51: =IF((BS51=0),0,BR51/BS51) -> 0.0072916667 | BU51: =BT51*9.04 -> 0.065916667 | BV51: 8 | BW51: =BW$42 -> 958 | BX51: =IF((BW51=0),0,BV51/BW51) -> 0.0083507307 | BY51: =BX51*9.04 -> 0.075490605 | BZ51: 7 | CA51: =CA$42 -> 345 | CB51: =IF((CA51=0),0,BZ51/CA51) -> 0.020289855 | CC51: =CB51*9.04 -> 0.18342029 | CD51: 7 | CE51: =CE$42 -> 801 | CF51: =IF((CE51=0),0,CD51/CE51) -> 0.0087390762 | CG51: =CF51*9.04 -> 0.079001248 | CH51: 0 | CI51: =CI$42 -> 0 | CJ51: =IF((CI51=0),0,CH51/CI51) -> 0 | CK51: =CJ51*9.04 -> 0 | CL51: 7 | CM51: =CM$42 -> 1235 | CN51: =IF((CM51=0),0,CL51/CM51) -> 0.0056680162 | CO51: =CN51*9.04 -> 0.051238866 | CP51: 7 | CQ51: =CQ$42 -> 1167 | CR51: =IF((CQ51=0),0,CP51/CQ51) -> 0.0059982862 | CS51: =CR51*9.04 -> 0.054224507 | CT51: 7 | CU51: =CU$42 -> 925 | CV51: =IF((CU51=0),0,CT51/CU51) -> 0.0075675676 | CW51: =CV51*9.04 -> 0.068410811 | CX51: 7 | CY51: =CY$42 -> 400 | CZ51: =IF((CY51=0),0,CX51/CY51) -> 0.0175 | DA51: =CZ51*9.04 -> 0.1582 | DB51: 6 | DC51: =DC$42 -> 517 | DD51: =IF((DC51=0),0,DB51/DC51) -> 0.011605416 | DE51: =DD51*9.04 -> 0.10491296 | DF51: 5 | DG51: =DG$42 -> 1125 | DH51: =IF((DG51=0),0,DF51/DG51) -> 0.0044444444 | DI51: =DH51*9.04 -> 0.040177778 | DJ51: 5 | DK51: =DK$42 -> 1063 | DL51: =IF((DK51=0),0,DJ51/DK51) -> 0.0047036689 | DM51: =DL51*9.04 -> 0.042521167 | DN51: 8 | DO51: =DO$42 -> 764 | DP51: =IF((DO51=0),0,DN51/DO51) -> 0.010471204 | DQ51: =DP51*9.04 -> 0.094659686 | DR51: 7 | DS51: =DS$42 -> 684 | DT51: =IF((DS51=0),0,DR51/DS51) -> 0.010233918 | DU51: =DT51*9.04 -> 0.09251462 | DW51: =DW$42 -> 0 | DX51: =IF((DW51=0),0,DV51/DW51) -> 0 | DY51: =DX51*9.04 -> 0 | DZ51: =F51+J51+N51+R51+V51+Z51+AD51+AH51+AL51+AP51+AT51+AX51+BB51+BF51+BJ51+BN51+BR51+BV51+BZ51+CD51+CH51+CL51+CP51+CT51+CX51+DB51+DF51+DJ51+DN51+DR51+DV51 -> 173 | EA51: =G51+K51+O51+S51+W51+AA51+AI51+AM51+AQ51+AU51+AY51+BC51+BG51+BK51+BO51+BS51+BW51+CA51+CE51+CI51+CM51+CQ51+CU51+CY51+DC51+DG51+DK51+DO51+DS51+DW51 -> 19205 | EB51: =IF((EA51=0),0,DZ51/EA51) -> 0.0090080708 | EC51: =EB51*9.04 -> 0.08143296
D52: LT ROOM ETP | F52: 0 | G52: =$G$42 -> 0 | H52: =IF((G52=0),0,F52/G52) -> 0 | I52: =H52*9.04 -> 0 | J52: 0 | K52: =K$42 -> 0 | L52: =IF((K52=0),0,J52/K52) -> 0 | M52: =L52*9.04 -> 0 | N52: 0 | O52: =O$42 -> 597 | P52: =IF((O52=0),0,N52/O52) -> 0 | Q52: =P52*9.04 -> 0 | R52: 0 | S52: =S$42 -> 628 | T52: =IF((S52=0),0,R52/S52) -> 0 | U52: =T52*9.04 -> 0 | V52: 1 | W52: =W$42 -> 913 | X52: =IF((W52=0),0,V52/W52) -> 0.0010952903 | Y52: =X52*9.04 -> 0.0099014239 | Z52: 0 | AA52: =AA$42 -> 0 | AB52: =IF((AA52=0),0,Z52/AA52) -> 0 | AC52: =AB52*9.04 -> 0 | AD52: 0 | AE52: =AE$42 -> 523 | AF52: =IF((AE52=0),0,AD52/AE52) -> 0 | AG52: =AF52*9.04 -> 0 | AH52: 1 | AI52: =AI$42 -> 0 | AJ52: =IF((AI52=0),0,AH52/AI52) -> 0 | AK52: =AJ52*9.04 -> 0 | AL52: 0 | AM52: =AM$42 -> 1004 | AN52: =IF((AM52=0),0,AL52/AM52) -> 0 | AO52: =AN52*9.04 -> 0 | AP52: 1 | AQ52: =AQ$42 -> 1157 | AR52: =IF((AQ52=0),0,AP52/AQ52) -> 0.00086430424 | AS52: =AR52*9.04 -> 0.0078133103 | AT52: 1 | AU52: =AU$42 -> 0 | AV52: =IF((AU52=0),0,AT52/AU52) -> 0 | AW52: =AV52*9.04 -> 0 | AX52: 0 | AY52: =AY$42 -> 1046 | AZ52: =IF((AY52=0),0,AX52/AY52) -> 0 | BA52: =AZ52*9.04 -> 0 | BB52: 1 | BC52: =BC$42 -> 0 | BD52: =IF((BC52=0),0,BB52/BC52) -> 0 | BE52: =BD52*9.04 -> 0 | BF52: 0 | BG52: =BG$42 -> 744 | BH52: =IF((BG52=0),0,BF52/BG52) -> 0 | BI52: =BH52*9.04 -> 0 | BJ52: 0 | BK52: =BK$42 -> 1089 | BL52: =IF((BK52=0),0,BJ52/BK52) -> 0 | BM52: =BL52*9.04 -> 0 | BN52: 0 | BO52: =BO$42 -> 1083 | BP52: =IF((BO52=0),0,BN52/BO52) -> 0 | BQ52: =BP52*9.04 -> 0 | BR52: 1 | BS52: =BS$42 -> 960 | BT52: =IF((BS52=0),0,BR52/BS52) -> 0.0010416667 | BU52: =BT52*9.04 -> 0.0094166667 | BV52: 0 | BW52: =BW$42 -> 958 | BX52: =IF((BW52=0),0,BV52/BW52) -> 0 | BY52: =BX52*9.04 -> 0 | BZ52: 0 | CA52: =CA$42 -> 345 | CB52: =IF((CA52=0),0,BZ52/CA52) -> 0 | CC52: =CB52*9.04 -> 0 | CD52: 1 | CE52: =CE$42 -> 801 | CF52: =IF((CE52=0),0,CD52/CE52) -> 0.0012484395 | CG52: =CF52*9.04 -> 0.011285893 | CH52: 0 | CI52: =CI$42 -> 0 | CJ52: =IF((CI52=0),0,CH52/CI52) -> 0 | CK52: =CJ52*9.04 -> 0 | CL52: 0 | CM52: =CM$42 -> 1235 | CN52: =IF((CM52=0),0,CL52/CM52) -> 0 | CO52: =CN52*9.04 -> 0 | CP52: 0 | CQ52: =CQ$42 -> 1167 | CR52: =IF((CQ52=0),0,CP52/CQ52) -> 0 | CS52: =CR52*9.04 -> 0 | CT52: 1 | CU52: =CU$42 -> 925 | CV52: =IF((CU52=0),0,CT52/CU52) -> 0.0010810811 | CW52: =CV52*9.04 -> 0.009772973 | CX52: 0 | CY52: =CY$42 -> 400 | CZ52: =IF((CY52=0),0,CX52/CY52) -> 0 | DA52: =CZ52*9.04 -> 0 | DB52: 0 | DC52: =DC$42 -> 517 | DD52: =IF((DC52=0),0,DB52/DC52) -> 0 | DE52: =DD52*9.04 -> 0 | DF52: 0 | DG52: =DG$42 -> 1125 | DH52: =IF((DG52=0),0,DF52/DG52) -> 0 | DI52: =DH52*9.04 -> 0 | DJ52: 0 | DK52: =DK$42 -> 1063 | DL52: =IF((DK52=0),0,DJ52/DK52) -> 0 | DM52: =DL52*9.04 -> 0 | DN52: 2 | DO52: =DO$42 -> 764 | DP52: =IF((DO52=0),0,DN52/DO52) -> 0.002617801 | DQ52: =DP52*9.04 -> 0.023664921 | DR52: 0 | DS52: =DS$42 -> 684 | DT52: =IF((DS52=0),0,DR52/DS52) -> 0 | DU52: =DT52*9.04 -> 0 | DW52: =DW$42 -> 0 | DX52: =IF((DW52=0),0,DV52/DW52) -> 0 | DY52: =DX52*9.04 -> 0 | DZ52: =F52+J52+N52+R52+V52+Z52+AD52+AH52+AL52+AP52+AT52+AX52+BB52+BF52+BJ52+BN52+BR52+BV52+BZ52+CD52+CH52+CL52+CP52+CT52+CX52+DB52+DF52+DJ52+DN52+DR52+DV52 -> 10 | EA52: =G52+K52+O52+S52+W52+AA52+AI52+AM52+AQ52+AU52+AY52+BC52+BG52+BK52+BO52+BS52+BW52+CA52+CE52+CI52+CM52+CQ52+CU52+CY52+DC52+DG52+DK52+DO52+DS52+DW52 -> 19205 | EB52: =IF((EA52=0),0,DZ52/EA52) -> 0.00052069773 | EC52: =EB52*9.04 -> 0.0047071075
D53: POWER DB POWER DB INCOMER | F53: 0 | G53: =$G$42 -> 0 | H53: =IF((G53=0),0,F53/G53) -> 0 | I53: =H53*9.04 -> 0 | J53: 0 | K53: =K$42 -> 0 | L53: =IF((K53=0),0,J53/K53) -> 0 | M53: =L53*9.04 -> 0 | N53: 0 | O53: =O$42 -> 597 | P53: =IF((O53=0),0,N53/O53) -> 0 | Q53: =P53*9.04 -> 0 | R53: 0 | S53: =S$42 -> 628 | T53: =IF((S53=0),0,R53/S53) -> 0 | U53: =T53*9.04 -> 0 | V53: 0 | W53: =W$42 -> 913 | X53: =IF((W53=0),0,V53/W53) -> 0 | Y53: =X53*9.04 -> 0 | Z53: 0 | AA53: =AA$42 -> 0 | AB53: =IF((AA53=0),0,Z53/AA53) -> 0 | AC53: =AB53*9.04 -> 0 | AD53: 0 | AE53: =AE$42 -> 523 | AF53: =IF((AE53=0),0,AD53/AE53) -> 0 | AG53: =AF53*9.04 -> 0 | AH53: 0 | AI53: =AI$42 -> 0 | AJ53: =IF((AI53=0),0,AH53/AI53) -> 0 | AK53: =AJ53*9.04 -> 0 | AL53: 0 | AM53: =AM$42 -> 1004 | AN53: =IF((AM53=0),0,AL53/AM53) -> 0 | AO53: =AN53*9.04 -> 0 | AP53: 0 | AQ53: =AQ$42 -> 1157 | AR53: =IF((AQ53=0),0,AP53/AQ53) -> 0 | AS53: =AR53*9.04 -> 0 | AT53: 0 | AU53: =AU$42 -> 0 | AV53: =IF((AU53=0),0,AT53/AU53) -> 0 | AW53: =AV53*9.04 -> 0 | AX53: 0 | AY53: =AY$42 -> 1046 | AZ53: =IF((AY53=0),0,AX53/AY53) -> 0 | BA53: =AZ53*9.04 -> 0 | BC53: =BC$42 -> 0 | BD53: =IF((BC53=0),0,BB53/BC53) -> 0 | BE53: =BD53*9.04 -> 0 | BG53: =BG$42 -> 744 | BH53: =IF((BG53=0),0,BF53/BG53) -> 0 | BI53: =BH53*9.04 -> 0 | BJ53: 0 | BK53: =BK$42 -> 1089 | BL53: =IF((BK53=0),0,BJ53/BK53) -> 0 | BM53: =BL53*9.04 -> 0 | BN53: 0 | BO53: =BO$42 -> 1083 | BP53: =IF((BO53=0),0,BN53/BO53) -> 0 | BQ53: =BP53*9.04 -> 0 | BR53: 0 | BS53: =BS$42 -> 960 | BT53: =IF((BS53=0),0,BR53/BS53) -> 0 | BU53: =BT53*9.04 -> 0 | BV53: 0 | BW53: =BW$42 -> 958 | BX53: =IF((BW53=0),0,BV53/BW53) -> 0 | BY53: =BX53*9.04 -> 0 | BZ53: 0 | CA53: =CA$42 -> 345 | CB53: =IF((CA53=0),0,BZ53/CA53) -> 0 | CC53: =CB53*9.04 -> 0 | CD53: 0 | CE53: =CE$42 -> 801 | CF53: =IF((CE53=0),0,CD53/CE53) -> 0 | CG53: =CF53*9.04 -> 0 | CH53: 0 | CI53: =CI$42 -> 0 | CJ53: =IF((CI53=0),0,CH53/CI53) -> 0 | CK53: =CJ53*9.04 -> 0 | CL53: 0 | CM53: =CM$42 -> 1235 | CN53: =IF((CM53=0),0,CL53/CM53) -> 0 | CO53: =CN53*9.04 -> 0 | CP53: 0 | CQ53: =CQ$42 -> 1167 | CR53: =IF((CQ53=0),0,CP53/CQ53) -> 0 | CS53: =CR53*9.04 -> 0 | CT53: 0 | CU53: =CU$42 -> 925 | CV53: =IF((CU53=0),0,CT53/CU53) -> 0 | CW53: =CV53*9.04 -> 0 | CX53: 0 | CY53: =CY$42 -> 400 | CZ53: =IF((CY53=0),0,CX53/CY53) -> 0 | DA53: =CZ53*9.04 -> 0 | DB53: 0 | DC53: =DC$42 -> 517 | DD53: =IF((DC53=0),0,DB53/DC53) -> 0 | DE53: =DD53*9.04 -> 0 | DF53: 0 | DG53: =DG$42 -> 1125 | DH53: =IF((DG53=0),0,DF53/DG53) -> 0 | DI53: =DH53*9.04 -> 0 | DJ53: 0 | DK53: =DK$42 -> 1063 | DL53: =IF((DK53=0),0,DJ53/DK53) -> 0 | DM53: =DL53*9.04 -> 0 | DN53: 0 | DO53: =DO$42 -> 764 | DP53: =IF((DO53=0),0,DN53/DO53) -> 0 | DQ53: =DP53*9.04 -> 0 | DR53: 0 | DS53: =DS$42 -> 684 | DT53: =IF((DS53=0),0,DR53/DS53) -> 0 | DU53: =DT53*9.04 -> 0 | DW53: =DW$42 -> 0 | DX53: =IF((DW53=0),0,DV53/DW53) -> 0 | DY53: =DX53*9.04 -> 0 | DZ53: =F53+J53+N53+R53+V53+Z53+AD53+AH53+AL53+AP53+AT53+AX53+BB53+BF53+BJ53+BN53+BR53+BV53+BZ53+CD53+CH53+CL53+CP53+CT53+CX53+DB53+DF53+DJ53+DN53+DR53+DV53 -> 0 | EA53: =G53+K53+O53+S53+W53+AA53+AI53+AM53+AQ53+AU53+AY53+BC53+BG53+BK53+BO53+BS53+BW53+CA53+CE53+CI53+CM53+CQ53+CU53+CY53+DC53+DG53+DK53+DO53+DS53+DW53 -> 19205 | EB53: =IF((EA53=0),0,DZ53/EA53) -> 0 | EC53: =EB53*9.04 -> 0
D54: POWER DB TOOLROOM STORE DB BOX | F54: 10 | G54: =$G$42 -> 0 | H54: =IF((G54=0),0,F54/G54) -> 0 | I54: =H54*9.04 -> 0 | J54: 28 | K54: =K$42 -> 0 | L54: =IF((K54=0),0,J54/K54) -> 0 | M54: =L54*9.04 -> 0 | N54: 26 | O54: =O$42 -> 597 | P54: =IF((O54=0),0,N54/O54) -> 0.043551089 | Q54: =P54*9.04 -> 0.39370184 | R54: 27 | S54: =S$42 -> 628 | T54: =IF((S54=0),0,R54/S54) -> 0.042993631 | U54: =T54*9.04 -> 0.38866242 | V54: 23 | W54: =W$42 -> 913 | X54: =IF((W54=0),0,V54/W54) -> 0.025191676 | Y54: =X54*9.04 -> 0.22773275 | Z54: 4 | AA54: =AA$42 -> 0 | AB54: =IF((AA54=0),0,Z54/AA54) -> 0 | AC54: =AB54*9.04 -> 0 | AD54: 21 | AE54: =AE$42 -> 523 | AF54: =IF((AE54=0),0,AD54/AE54) -> 0.040152964 | AG54: =AF54*9.04 -> 0.36298279 | AH54: 38 | AI54: =AI$42 -> 0 | AJ54: =IF((AI54=0),0,AH54/AI54) -> 0 | AK54: =AJ54*9.04 -> 0 | AL54: 30 | AM54: =AM$42 -> 1004 | AN54: =IF((AM54=0),0,AL54/AM54) -> 0.029880478 | AO54: =AN54*9.04 -> 0.27011952 | AP54: 37 | AQ54: =AQ$42 -> 1157 | AR54: =IF((AQ54=0),0,AP54/AQ54) -> 0.031979257 | AS54: =AR54*9.04 -> 0.28909248 | AT54: 25 | AU54: =AU$42 -> 0 | AV54: =IF((AU54=0),0,AT54/AU54) -> 0 | AW54: =AV54*9.04 -> 0 | AX54: 29 | AY54: =AY$42 -> 1046 | AZ54: =IF((AY54=0),0,AX54/AY54) -> 0.027724665 | BA54: =AZ54*9.04 -> 0.25063098 | BB54: 28 | BC54: =BC$42 -> 0 | BD54: =IF((BC54=0),0,BB54/BC54) -> 0 | BE54: =BD54*9.04 -> 0 | BF54: 10 | BG54: =BG$42 -> 744 | BH54: =IF((BG54=0),0,BF54/BG54) -> 0.01344086 | BI54: =BH54*9.04 -> 0.12150538 | BJ54: 23 | BK54: =BK$42 -> 1089 | BL54: =IF((BK54=0),0,BJ54/BK54) -> 0.021120294 | BM54: =BL54*9.04 -> 0.19092746 | BN54: 21 | BO54: =BO$42 -> 1083 | BP54: =IF((BO54=0),0,BN54/BO54) -> 0.019390582 | BQ54: =BP54*9.04 -> 0.17529086 | BR54: 27 | BS54: =BS$42 -> 960 | BT54: =IF((BS54=0),0,BR54/BS54) -> 0.028125 | BU54: =BT54*9.04 -> 0.25425 | BV54: 33 | BW54: =BW$42 -> 958 | BX54: =IF((BW54=0),0,BV54/BW54) -> 0.034446764 | BY54: =BX54*9.04 -> 0.31139875 | BZ54: 30 | CA54: =CA$42 -> 345 | CB54: =IF((CA54=0),0,BZ54/CA54) -> 0.086956522 | CC54: =CB54*9.04 -> 0.78608696 | CD54: 33 | CE54: =CE$42 -> 801 | CF54: =IF((CE54=0),0,CD54/CE54) -> 0.041198502 | CG54: =CF54*9.04 -> 0.37243446 | CH54: 6 | CI54: =CI$42 -> 0 | CJ54: =IF((CI54=0),0,CH54/CI54) -> 0 | CK54: =CJ54*9.04 -> 0 | CL54: 24 | CM54: =CM$42 -> 1235 | CN54: =IF((CM54=0),0,CL54/CM54) -> 0.019433198 | CO54: =CN54*9.04 -> 0.17567611 | CP54: 24 | CQ54: =CQ$42 -> 1167 | CR54: =IF((CQ54=0),0,CP54/CQ54) -> 0.020565553 | CS54: =CR54*9.04 -> 0.1859126 | CT54: 30 | CU54: =CU$42 -> 925 | CV54: =IF((CU54=0),0,CT54/CU54) -> 0.032432432 | CW54: =CV54*9.04 -> 0.29318919 | CX54: 25 | CY54: =CY$42 -> 400 | CZ54: =IF((CY54=0),0,CX54/CY54) -> 0.0625 | DA54: =CZ54*9.04 -> 0.565 | DB54: 22 | DC54: =DC$42 -> 517 | DD54: =IF((DC54=0),0,DB54/DC54) -> 0.042553191 | DE54: =DD54*9.04 -> 0.38468085 | DF54: 28 | DG54: =DG$42 -> 1125 | DH54: =IF((DG54=0),0,DF54/DG54) -> 0.024888889 | DI54: =DH54*9.04 -> 0.22499556 | DJ54: 20 | DK54: =DK$42 -> 1063 | DL54: =IF((DK54=0),0,DJ54/DK54) -> 0.018814675 | DM54: =DL54*9.04 -> 0.17008467 | DN54: 25 | DO54: =DO$42 -> 764 | DP54: =IF((DO54=0),0,DN54/DO54) -> 0.032722513 | DQ54: =DP54*9.04 -> 0.29581152 | DR54: 22 | DS54: =DS$42 -> 684 | DT54: =IF((DS54=0),0,DR54/DS54) -> 0.032163743 | DU54: =DT54*9.04 -> 0.29076023 | DW54: =DW$42 -> 0 | DX54: =IF((DW54=0),0,DV54/DW54) -> 0 | DY54: =DX54*9.04 -> 0 | DZ54: =F54+J54+N54+R54+V54+Z54+AD54+AH54+AL54+AP54+AT54+AX54+BB54+BF54+BJ54+BN54+BR54+BV54+BZ54+CD54+CH54+CL54+CP54+CT54+CX54+DB54+DF54+DJ54+DN54+DR54+DV54 -> 729 | EA54: =G54+K54+O54+S54+W54+AA54+AI54+AM54+AQ54+AU54+AY54+BC54+BG54+BK54+BO54+BS54+BW54+CA54+CE54+CI54+CM54+CQ54+CU54+CY54+DC54+DG54+DK54+DO54+DS54+DW54 -> 19205 | EB54: =IF((EA54=0),0,DZ54/EA54) -> 0.037958865 | EC54: =EB54*9.04 -> 0.34314814
D55: POWER DB SECURITY GATE | F55: 25 | G55: =$G$42 -> 0 | H55: =IF((G55=0),0,F55/G55) -> 0 | I55: =H55*9.04 -> 0 | J55: 25 | K55: =K$42 -> 0 | L55: =IF((K55=0),0,J55/K55) -> 0 | M55: =L55*9.04 -> 0 | N55: 25 | O55: =O$42 -> 597 | P55: =IF((O55=0),0,N55/O55) -> 0.041876047 | Q55: =P55*9.04 -> 0.37855946 | R55: 25 | S55: =S$42 -> 628 | T55: =IF((S55=0),0,R55/S55) -> 0.039808917 | U55: =T55*9.04 -> 0.35987261 | V55: 25 | W55: =W$42 -> 913 | X55: =IF((W55=0),0,V55/W55) -> 0.027382256 | Y55: =X55*9.04 -> 0.2475356 | Z55: 25 | AA55: =AA$42 -> 0 | AB55: =IF((AA55=0),0,Z55/AA55) -> 0 | AC55: =AB55*9.04 -> 0 | AD55: 25 | AE55: =AE$42 -> 523 | AF55: =IF((AE55=0),0,AD55/AE55) -> 0.047801147 | AG55: =AF55*9.04 -> 0.43212237 | AH55: 25 | AI55: =AI$42 -> 0 | AJ55: =IF((AI55=0),0,AH55/AI55) -> 0 | AK55: =AJ55*9.04 -> 0 | AL55: 25 | AM55: =AM$42 -> 1004 | AN55: =IF((AM55=0),0,AL55/AM55) -> 0.024900398 | AO55: =AN55*9.04 -> 0.2250996 | AP55: 25 | AQ55: =AQ$42 -> 1157 | AR55: =IF((AQ55=0),0,AP55/AQ55) -> 0.021607606 | AS55: =AR55*9.04 -> 0.19533276 | AT55: 25 | AU55: =AU$42 -> 0 | AV55: =IF((AU55=0),0,AT55/AU55) -> 0 | AW55: =AV55*9.04 -> 0 | AX55: 25 | AY55: =AY$42 -> 1046 | AZ55: =IF((AY55=0),0,AX55/AY55) -> 0.023900574 | BA55: =AZ55*9.04 -> 0.21606119 | BB55: 25 | BC55: =BC$42 -> 0 | BD55: =IF((BC55=0),0,BB55/BC55) -> 0 | BE55: =BD55*9.04 -> 0 | BF55: 25 | BG55: =BG$42 -> 744 | BH55: =IF((BG55=0),0,BF55/BG55) -> 0.033602151 | BI55: =BH55*9.04 -> 0.30376344 | BJ55: 25 | BK55: =BK$42 -> 1089 | BL55: =IF((BK55=0),0,BJ55/BK55) -> 0.022956841 | BM55: =BL55*9.04 -> 0.20752984 | BN55: 25 | BO55: =BO$42 -> 1083 | BP55: =IF((BO55=0),0,BN55/BO55) -> 0.023084026 | BQ55: =BP55*9.04 -> 0.20867959 | BR55: 25 | BS55: =BS$42 -> 960 | BT55: =IF((BS55=0),0,BR55/BS55) -> 0.026041667 | BU55: =BT55*9.04 -> 0.23541667 | BV55: 25 | BW55: =BW$42 -> 958 | BX55: =IF((BW55=0),0,BV55/BW55) -> 0.026096033 | BY55: =BX55*9.04 -> 0.23590814 | BZ55: 25 | CA55: =CA$42 -> 345 | CB55: =IF((CA55=0),0,BZ55/CA55) -> 0.072463768 | CC55: =CB55*9.04 -> 0.65507246 | CD55: 25 | CE55: =CE$42 -> 801 | CF55: =IF((CE55=0),0,CD55/CE55) -> 0.031210986 | CG55: =CF55*9.04 -> 0.28214732 | CH55: 25 | CI55: =CI$42 -> 0 | CJ55: =IF((CI55=0),0,CH55/CI55) -> 0 | CK55: =CJ55*9.04 -> 0 | CL55: 25 | CM55: =CM$42 -> 1235 | CN55: =IF((CM55=0),0,CL55/CM55) -> 0.020242915 | CO55: =CN55*9.04 -> 0.18299595 | CP55: 25 | CQ55: =CQ$42 -> 1167 | CR55: =IF((CQ55=0),0,CP55/CQ55) -> 0.021422451 | CS55: =CR55*9.04 -> 0.19365895 | CT55: 25 | CU55: =CU$42 -> 925 | CV55: =IF((CU55=0),0,CT55/CU55) -> 0.027027027 | CW55: =CV55*9.04 -> 0.24432432 | CX55: 25 | CY55: =CY$42 -> 400 | CZ55: =IF((CY55=0),0,CX55/CY55) -> 0.0625 | DA55: =CZ55*9.04 -> 0.565 | DB55: 25 | DC55: =DC$42 -> 517 | DD55: =IF((DC55=0),0,DB55/DC55) -> 0.048355899 | DE55: =DD55*9.04 -> 0.43713733 | DF55: 25 | DG55: =DG$42 -> 1125 | DH55: =IF((DG55=0),0,DF55/DG55) -> 0.022222222 | DI55: =DH55*9.04 -> 0.20088889 | DJ55: 25 | DK55: =DK$42 -> 1063 | DL55: =IF((DK55=0),0,DJ55/DK55) -> 0.023518344 | DM55: =DL55*9.04 -> 0.21260583 | DN55: 25 | DO55: =DO$42 -> 764 | DP55: =IF((DO55=0),0,DN55/DO55) -> 0.032722513 | DQ55: =DP55*9.04 -> 0.29581152 | DR55: 25 | DS55: =DS$42 -> 684 | DT55: =IF((DS55=0),0,DR55/DS55) -> 0.036549708 | DU55: =DT55*9.04 -> 0.33040936 | DW55: =DW$42 -> 0 | DX55: =IF((DW55=0),0,DV55/DW55) -> 0 | DY55: =DX55*9.04 -> 0 | DZ55: =F55+J55+N55+R55+V55+Z55+AD55+AH55+AL55+AP55+AT55+AX55+BB55+BF55+BJ55+BN55+BR55+BV55+BZ55+CD55+CH55+CL55+CP55+CT55+CX55+DB55+DF55+DJ55+DN55+DR55+DV55 -> 750 | EA55: =G55+K55+O55+S55+W55+AA55+AI55+AM55+AQ55+AU55+AY55+BC55+BG55+BK55+BO55+BS55+BW55+CA55+CE55+CI55+CM55+CQ55+CU55+CY55+DC55+DG55+DK55+DO55+DS55+DW55 -> 19205 | EB55: =IF((EA55=0),0,DZ55/EA55) -> 0.03905233 | EC55: =EB55*9.04 -> 0.35303306
D56: Total Utility | F56: =SUM(F44:F55) -> 298 | G56: =SUM(G44:G55) -> 0 | H56: =SUM(H44:H55) -> 0 | I56: =SUM(I44:I55) -> 0 | J56: =SUM(J44:J55) -> 746 | K56: =SUM(K44:K55) -> 0 | L56: =SUM(L44:L55) -> 0 | M56: =SUM(M44:M55) -> 0 | ... EC56: =SUM(EC44:EC55) -> 10.855061
D57: TORAL CONSUMPTION | F57: =SUM(F44:F55)+F42+SUM(F36:F40,F28:F33,F20:F25,F11:F18,F3:F8) -> 340 | J57: =SUM(J44:J55)+J42+SUM(J36:J40,J28:J33,J20:J25,J11:J18,J3:J8) -> 2896 | N57: =SUM(N44:N55)+N42+SUM(N36:N40,N28:N33,N20:N25,N11:N18,N3:N8) -> 3028 | R57: =SUM(R44:R55)+R42+SUM(R36:R40,R28:R33,R20:R25,R11:R18,R3:R8) -> 3322 | V57: =SUM(V44:V55)+V42+SUM(V36:V40,V28:V33,V20:V25,V11:V18,V3:V8) -> 3177 | Z57: =SUM(Z44:Z55)+Z42+SUM(Z36:Z40,Z28:Z33,Z20:Z25,Z11:Z18,Z3:Z8) -> 533 | AD57: =SUM(AD44:AD55)+AD42+SUM(AD36:AD40,AD28:AD33,AD20:AD25,AD11:AD18,AD3:AD8) -> 2559 | AH57: =SUM(AH44:AH55)+AH42+SUM(AH36:AH40,AH28:AH33,AH20:AH25,AH11:AH18,AH3:AH8) -> 2948 | AL57: =SUM(AL44:AL55)+AL42+SUM(AL36:AL40,AL28:AL33,AL20:AL25,AL11:AL18,AL3:AL8) -> 3279 | AP57: =SUM(AP44:AP55)+AP42+SUM(AP36:AP40,AP28:AP33,AP20:AP25,AP11:AP18,AP3:AP8) -> 2714 | AT57: =SUM(AT44:AT55)+AT42+SUM(AT36:AT40,AT28:AT33,AT20:AT25,AT11:AT18,AT3:AT8) -> 3158 | AX57: =SUM(AX44:AX55)+AX42+SUM(AX36:AX40,AX28:AX33,AX20:AX25,AX11:AX18,AX3:AX8) -> 3061 | BB57: =SUM(BB44:BB55)+BB42+SUM(BB36:BB40,BB28:BB33,BB20:BB25,BB11:BB18,BB3:BB8) -> 3294 | BF57: =SUM(BF44:BF55)+BF42+SUM(BF36:BF40,BF28:BF33,BF20:BF25,BF11:BF18,BF3:BF8) -> 1691 | BJ57: =SUM(BJ44:BJ55)+BJ42+SUM(BJ36:BJ40,BJ28:BJ33,BJ20:BJ25,BJ11:BJ18,BJ3:BJ8) -> 3208 | BN57: =SUM(BN44:BN55)+BN42+SUM(BN36:BN40,BN28:BN33,BN20:BN25,BN11:BN18,BN3:BN8) -> 3463 | BR57: =SUM(BR44:BR55)+BR42+SUM(BR36:BR40,BR28:BR33,BR20:BR25,BR11:BR18,BR3:BR8) -> 3251 | BV57: =SUM(BV44:BV55)+BV42+SUM(BV36:BV40,BV28:BV33,BV20:BV25,BV11:BV18,BV3:BV8) -> 3259 | BZ57: =SUM(BZ44:BZ55)+BZ42+SUM(BZ36:BZ40,BZ28:BZ33,BZ20:BZ25,BZ11:BZ18,BZ3:BZ8) -> 3485 | CD57: =SUM(CD44:CD55)+CD42+SUM(CD36:CD40,CD28:CD33,CD20:CD25,CD11:CD18,CD3:CD8) -> 3243 | CH57: =SUM(CH44:CH55)+CH42+SUM(CH36:CH40,CH28:CH33,CH20:CH25,CH11:CH18,CH3:CH8) -> 1264 | CL57: =SUM(CL44:CL55)+CL42+SUM(CL36:CL40,CL28:CL33,CL20:CL25,CL11:CL18,CL3:CL8) -> 3330 | CP57: =SUM(CP44:CP55)+CP42+SUM(CP36:CP40,CP28:CP33,CP20:CP25,CP11:CP18,CP3:CP8) -> 3291 | CT57: =SUM(CT44:CT55)+CT42+SUM(CT36:CT40,CT28:CT33,CT20:CT25,CT11:CT18,CT3:CT8) -> 3424 | CX57: =SUM(CX44:CX55)+CX42+SUM(CX36:CX40,CX28:CX33,CX20:CX25,CX11:CX18,CX3:CX8) -> 3055 | DB57: =SUM(DB44:DB55)+DB42+SUM(DB36:DB40,DB28:DB33,DB20:DB25,DB11:DB18,DB3:DB8) -> 3122 | DF57: =SUM(DF44:DF55)+DF42+SUM(DF36:DF40,DF28:DF33,DF20:DF25,DF11:DF18,DF3:DF8) -> 3336 | DJ57: =SUM(DJ44:DJ55)+DJ42+SUM(DJ36:DJ40,DJ28:DJ33,DJ20:DJ25,DJ11:DJ18,DJ3:DJ8) -> 2375 | DN57: =SUM(DN44:DN55)+DN42+SUM(DN36:DN40,DN28:DN33,DN20:DN25,DN11:DN18,DN3:DN8) -> 3603 | DR57: =SUM(DR44:DR55)+DR42+SUM(DR36:DR40,DR28:DR33,DR20:DR25,DR11:DR18,DR3:DR8) -> 2253 | DV57: =SUM(DV44:DV55)+DV42+SUM(DV36:DV40,DV28:DV33,DV20:DV25,DV11:DV18,DV3:DV8) -> 0 | DZ57: =SUM(DZ44:DZ55)+DZ42+SUM(DZ36:DZ40,DZ28:DZ33,DZ20:DZ25,DZ11:DZ18,DZ3:DZ8) -> 84962
